Shot number,Date,Classification,Club type,Club name,Carry,Total,Offline,Offline carry,Shot angle,Peak height,Hang time,Club speed,Ball speed,Smash factor,Push/pull,Launch angle,Landing angle,Backspin,Sidespin,Curve,Curve factor,Angle of attack,Face to target,Club path,Face to path,Face impact X,Face impact Y,Strokes gained,Club score,Target score,Launch score,Direction score,Shape score,Total score
,,,,,[yds],[yds],[yds],[yds],[°],[yds],[seconds],[mph],[mph],,[°],[°],[°],[rpm],[rpm],[yds],,[°],[°],[°],[°],[mm],[mm],,,,,,,
1,2026-08-18T22:30:24.000Z,Push,Sand Wedge,Default,97.8,133.4,11.1,7.0,6.6,5.1,2.9,77.9,95.1,1.2,1.62 R,7.5,15.5,4360,938 R,4.3,22.0,-5.2,1.98° open,2.24° out-to-in,4.22° open,,,-0.7,5.4,9.2,0.1,3.8,3,21.5
2,2026-08-18T22:30:24.000Z,Huge Push Slice,Sand Wedge,Default,54.2,55.7,11.1,10.7,14.9,17.5,3.7,67.5,54.9,0.8,7.77 R,48.4,53.7,3117,1250 R,3.3,30.0,-3.3,9.01° open,0.41° out-to-in,9.42° open,,,-0.4,5.3,0,0,0,0,5.3
3,2026-08-18T22:30:24.000Z,Push,Sand Wedge,Default,52.9,54.5,8.0,7.7,10.1,17.0,3.7,64.5,53.7,0.8,6.71 R,47.3,53.6,3964,1250 R,1.5,14.0,-3.5,7.88° open,1.44° out-to-in,9.32° open,,,-0.4,3.8,0,0,0,3,6.9
4,2026-08-18T22:30:24.000Z,,Sand Wedge,Default,0.0,21.2,,3.5,NaN,0.0,0.2,,89.0,,90 R,0.2,0.0,2931,,3.5,,,,,,,,,0,0,0,0,0,0
5,2026-08-18T22:30:24.000Z,Push,Sand Wedge,Default,83.4,86.5,5.7,5.5,4.4,18.7,4.1,64.3,69.7,1.1,3.1 R,33.5,45.3,4894,0,1.0,6.0,-2.8,2.68° open,1.73° in-to-out,0.95° open,,,0.8,6.7,7.2,3.1,3.8,3,23.8
6,2026-08-18T22:30:24.000Z,Push,Sand Wedge,Default,66.8,69.3,4.5,4.3,5.0,17.1,3.9,62.3,61.0,1.0,2.41 R,38.4,47.7,5883,625 R,1.5,11.0,-3.3,3.26° open,1.44° out-to-in,4.7° open,,,-0.1,4.3,2.6,1.5,3.8,3,15.1
7,2026-08-18T22:30:24.000Z,Push,Sand Wedge,Default,65.3,68.2,3.8,3.6,4.1,16.4,3.7,64.0,60.4,0.9,2.29 R,40.5,48.1,3133,0,1.0,8.0,-3.9,1.87° open,0.9° in-to-out,0.97° open,,,-0.1,6.7,2.1,0,6.9,3,18.7
8,2026-08-18T22:30:24.000Z,Slight Push,Sand Wedge,Default,63.9,65.6,2.9,2.8,2.8,18.9,4.0,64.1,60.3,0.9,2.29 R,42.3,51.8,5349,0,0.3,2.0,-3.7,2.03° open,0.43° in-to-out,1.6° open,,,-0.2,6.7,1.7,0.3,10,6,24.7
9,2026-08-18T22:30:24.000Z,Push,Sand Wedge,Default,74.3,75.1,5.2,5.1,5.0,23.7,4.5,69.2,66.3,1.0,2.79 R,43.5,54.0,4522,625 R,1.5,10.0,-3.0,3.96° open,1.99° out-to-in,5.95° open,,,0.0,6.3,4.4,0.1,0.6,3,14.4
10,2026-08-18T22:30:24.000Z,Slight Push,Sand Wedge,Default,64.3,66.0,1.6,1.5,1.1,18.8,4.0,64.1,60.2,0.9,1.6 R,42.2,51.2,4993,0,0.3,2.0,-3.8,1.17° open,0.12° in-to-out,1.05° open,,,-0.2,6.7,1.7,0.2,10,6,24.5
11,2026-08-18T22:30:24.000Z,Top,Sand Wedge,Default,27.2,92.4,31.7,9.0,20.3,1.0,0.7,72.7,91.4,1.3,17.58 R,8.5,8.6,421,937 L,0.4,8.0,3.0,13.25° open,9.15° in-to-out,4.1° open,,,-0.5,5.3,0,0.4,0,0,5.7
12,2026-08-18T22:30:24.000Z,Top,Sand Wedge,Default,30.1,89.7,12.3,3.9,8.1,1.4,0.8,71.0,88.1,1.2,6.7 R,10.2,10.8,234,312 L,0.3,6.0,1.6,5.84° open,5.88° in-to-out,0.04° closed,,,0.2,7,0,1.1,6.9,0,15
13,2026-08-18T22:30:24.000Z,Push,Sand Wedge,Default,73.0,74.0,6.8,6.7,6.9,22.6,4.4,68.9,66.2,1.0,3.59 R,42.2,51.8,5862,938 R,2.1,14.0,-3.3,5.62° open,2.5° out-to-in,8.12° open,,,-0.0,5.8,3.9,0.6,0,3,13.2
14,2026-08-18T22:30:24.000Z,Push Slice,Sand Wedge,Default,72.0,73.4,13.5,13.2,14.3,24.7,4.5,77.3,67.3,0.9,6.69 R,49.0,62.3,2191,625 R,4.7,33.0,-1.1,7.63° open,1.01° out-to-in,8.64° open,,,-0.1,4.6,2,0,2.2,0,8.8
15,2026-08-18T22:30:24.000Z,Straight Fade,Sand Wedge,Default,92.3,94.2,5.5,5.3,6.5,21.4,4.5,68.2,76.0,1.1,0.02 R,32.6,45.1,5562,1250 R,5.2,28.0,-2.4,2.13° open,5° out-to-in,7.13° open,,,1.1,3.5,9.6,4.3,2.2,6,25.6
16,2026-08-18T22:30:24.000Z,Push Slice,Sand Wedge,Default,122.4,136.2,17.9,15.1,11.7,13.2,4.2,77.0,97.8,1.3,2.48 R,13.6,30.4,5039,1250 R,9.8,40.0,-5.3,2.95° open,2.93° out-to-in,5.88° open,,,-0.7,4.1,1.8,0.2,0.6,0,6.7
17,2026-08-18T22:30:24.000Z,Push,Sand Wedge,Default,69.7,70.8,11.0,10.8,11.6,20.9,4.1,68.0,62.8,0.9,6.07 R,43.9,52.0,3129,938 R,3.3,24.0,-3.6,7.56° open,0.19° out-to-in,7.75° open,,,-0.1,5.6,2.5,0,0,3,11.1
18,2026-08-18T22:30:24.000Z,Push,Sand Wedge,Default,82.0,82.6,5.1,5.0,5.8,26.8,4.8,76.0,71.8,0.9,1.23 R,42.4,53.5,5794,938 R,3.3,20.0,-2.6,3.12° open,5.43° out-to-in,8.55° open,,,0.2,2.7,6.6,0.6,5.3,3,18.2
19,2026-08-18T22:30:24.000Z,Straight Fade,Sand Wedge,Default,70.6,71.5,1.6,1.5,2.4,22.4,4.4,67.2,64.4,1.0,0.06 R,43.4,53.5,4873,625 R,1.5,10.0,-3.3,1.57° open,4.94° out-to-in,6.51° open,,,-0.1,2.9,3.6,0.1,10,6,22.7
20,2026-08-18T22:30:24.000Z,Push Slice,Sand Wedge,Default,107.1,119.5,21.0,17.8,15.1,12.8,3.9,71.8,89.1,1.2,3.95 R,16.5,31.3,5371,1875 R,10.4,48.0,-4.8,5.35° open,3.59° out-to-in,8.94° open,,,-0.6,5.8,1.6,1.2,0,0,8.6
21,2026-08-18T22:30:24.000Z,Straight Fade,Sand Wedge,Default,73.5,73.9,2.6,2.5,3.4,24.7,4.6,73.1,66.2,0.9,0.56 R,45.0,55.0,4854,625 R,1.8,12.0,-2.4,1.69° open,4.9° out-to-in,6.59° open,,,-0.0,4.6,4.5,0.1,10,6,25.2
22,2026-08-18T22:30:24.000Z,Huge Push,Sand Wedge,Default,72.7,73.3,12.2,12.1,9.9,26.3,4.6,78.1,66.2,0.8,9.15 R,50.3,57.4,2349,0,0.4,3.0,-0.8,10.06° open,1.22° in-to-out,8.84° open,,,-0.1,4.2,2.5,0,3.8,0,10.4
23,2026-08-18T22:30:24.000Z,Huge Hook,9 Iron,Default,115.4,164.1,37.1,23.0,-16.7,5.1,2.9,80.5,112.5,1.4,6.24 L,5.0,14.3,3315,10000 L,10.4,45.0,-5.1,13.44° closed,1.14° out-to-in,12.3° closed,,,-0.5,6.9,0,0.8,0,0,7.7
24,2026-08-18T22:30:24.000Z,Huge Push,9 Iron,Default,130.1,135.0,23.2,22.3,10.2,21.3,4.9,74.1,97.9,1.3,9.39 R,19.8,40.1,5444,625 R,0.8,3.0,-2.7,8.74° open,4.17° in-to-out,4.57° open,,,-0.1,3.6,2.8,6.9,0,0,13.3
25,2026-08-18T22:30:24.000Z,Push,9 Iron,Default,124.0,125.3,8.8,8.7,4.2,32.1,5.6,78.6,93.2,1.2,3.78 R,31.7,49.5,5203,313 R,0.5,2.0,-2.2,3.49° open,1.22° in-to-out,2.27° open,,,0.4,9.2,1.2,2.7,5.3,3,21.4
26,2026-08-18T22:30:24.000Z,Push,9 Iron,Default,135.3,137.0,7.8,7.7,4.3,31.9,5.7,78.8,100.4,1.3,2.28 R,27.1,47.9,6679,625 R,2.3,9.0,-0.9,2.25° open,0.84° out-to-in,3.09° open,,,1.1,8.6,8.7,7.5,3.8,3,31.6
27,2026-08-18T22:30:24.000Z,Huge Push Draw,9 Iron,Default,117.0,119.9,9.4,9.4,1.1,20.7,4.6,70.1,90.7,1.3,7.99 R,23.2,41.0,5665,625 L,7.1,30.0,-1.4,6.59° open,8.26° in-to-out,1.67° closed,,,0.2,3.2,0,6.7,0.6,0,10.5
28,2026-08-18T22:30:24.000Z,Push,9 Iron,Default,140.5,151.3,8.4,7.5,4.5,17.0,4.7,79.6,107.0,1.3,1.61 R,12.8,34.6,5381,313 R,3.6,13.0,-5.2,1.36° open,0.58° out-to-in,1.94° open,,,0.5,9.8,9.8,4.6,6.1,3,33.2
29,2026-08-18T22:30:24.000Z,Huge Push Slice,9 Iron,Default,123.6,169.2,56.2,37.8,23.8,4.3,3.1,85.0,118.8,1.4,11.38 R,2.1,13.4,4796,10000 R,12.9,52.0,-5.7,15.33° open,0.04° in-to-out,15.29° open,,,-0.7,5.9,0,0.9,0,0,6.8
30,2026-08-18T22:30:24.000Z,Push,9 Iron,Default,80.2,83.5,11.4,10.8,9.3,16.9,3.6,67.0,69.9,1.0,6.17 R,34.4,41.7,1599,0,2.2,14.0,-3.5,5.74° open,4.31° in-to-out,1.43° open,,,-0.3,4.3,0,0,4.9,3,12.2
31,2026-08-18T22:30:24.000Z,Push,9 Iron,Default,135.8,146.7,17.0,15.3,8.7,16.5,4.6,78.0,103.3,1.3,4.2 R,13.9,34.3,5082,625 R,5.4,20.0,-5.2,4.22° open,0.09° in-to-out,4.13° open,,,-0.0,7.5,7.3,4.8,2.2,3,24.8
32,2026-08-18T22:30:24.000Z,Push Slice,9 Iron,Default,119.4,127.7,22.8,20.8,13.6,16.7,4.4,72.5,93.6,1.3,6.43 R,17.8,35.6,5302,1250 R,7.4,31.0,-4.0,6.72° open,0.19° in-to-out,6.53° open,,,0.1,3.7,0,5.1,0,0,8.8
33,2026-08-18T22:30:24.000Z,Push,9 Iron,Default,98.0,100.5,13.5,13.0,9.7,20.7,4.4,67.1,76.5,1.1,5.6 R,31.7,42.7,3754,625 R,3.4,18.0,-2.5,5.76° open,1.7° in-to-out,4.06° open,,,-0.1,4.5,0,1.1,0,3,8.6
34,2026-08-18T22:30:24.000Z,Push Slice,9 Iron,Default,150.2,171.8,26.5,21.8,12.8,12.5,4.4,82.5,116.4,1.4,3.87 R,7.8,27.8,4797,1250 R,11.6,39.0,-5.3,4.32° open,1.71° out-to-in,6.03° open,,,-0.5,6.9,3.4,1.1,0,0,11.3
35,2026-08-18T22:30:24.000Z,Push,9 Iron,Default,113.8,118.0,11.1,10.5,7.7,20.1,4.7,71.9,90.3,1.3,2.93 R,22.1,40.9,6394,625 R,4.7,21.0,-3.0,3.04° open,0.66° out-to-in,3.7° open,,,0.2,5.2,0,8,2.2,3,18.4
36,2026-08-18T22:30:24.000Z,Pull,9 Iron,Default,129.5,133.3,13.7,13.2,-8.6,24.4,4.9,72.4,93.7,1.3,3.04 L,25.8,42.4,3121,625 L,6.3,24.0,-0.3,3.21° closed,0.3° out-to-in,2.91° closed,,,0.4,5.9,4.9,3.9,5.3,3,23
37,2026-08-18T22:30:24.000Z,Slight Push,9 Iron,Default,136.6,139.7,4.2,4.1,1.6,27.2,5.2,75.0,97.9,1.3,1.88 R,25.7,43.8,3442,0,0.3,1.0,-0.4,1.26° open,0.75° in-to-out,0.51° open,,,1.5,7.6,10,4.7,8.4,6,36.7
38,2026-08-18T22:30:24.000Z,Push Slice,9 Iron,Default,148.8,159.3,25.8,23.2,14.0,18.2,4.9,80.6,111.4,1.4,3.93 R,12.5,35.4,5284,1406 R,13.0,44.0,-5.3,4.39° open,2.09° out-to-in,6.48° open,,,-0.3,6.9,2.8,3.5,0,0,13.2
39,2026-08-18T22:30:24.000Z,Push Slice,9 Iron,Default,135.7,137.3,22.5,22.1,13.6,32.5,5.8,79.2,100.9,1.3,5.13 R,27.4,47.7,6431,1563 R,9.9,37.0,-0.7,6.26° open,1.6° out-to-in,7.86° open,,,-0.1,6.6,3.3,7.4,0,0,17.3
40,2026-08-18T22:30:24.000Z,Push,9 Iron,Default,151.0,173.5,18.2,14.8,8.6,12.8,4.4,81.1,113.9,1.4,2.61 R,8.9,26.9,4340,781 R,7.9,26.0,-5.2,2.65° open,1.37° out-to-in,4.02° open,,,-0.4,8.5,4,0.9,3,3,19.4
41,2026-08-18T22:30:24.000Z,Push,9 Iron,Default,132.1,134.1,15.0,14.7,9.3,30.0,5.5,76.4,97.3,1.3,3.44 R,27.3,46.4,6273,1094 R,6.8,26.0,-0.8,3.98° open,1.56° out-to-in,5.54° open,,,0.0,5.6,6.6,6.6,0.6,3,22.5
42,2026-08-18T22:30:24.000Z,Push,9 Iron,Default,135.2,136.5,19.5,19.3,10.4,35.8,5.8,83.5,99.3,1.2,5.93 R,31.5,49.5,3975,625 R,5.3,19.0,-1.2,5.94° open,1.96° in-to-out,3.98° open,,,-0.1,8.1,4.9,2.7,2.2,3,20.8
43,2026-08-18T22:30:24.000Z,Push,9 Iron,Default,118.7,120.2,11.1,10.9,7.9,26.7,4.6,73.8,88.9,1.2,2.6 R,33.3,43.8,2037,391 R,5.5,23.0,-2.0,2.52° open,0.06° in-to-out,2.46° open,,,0.2,6.7,0,0.4,6.5,3,16.6
44,2026-08-18T22:30:24.000Z,Pull,9 Iron,Default,141.8,144.3,8.0,7.9,-3.7,29.8,5.7,78.4,105.6,1.3,2.62 L,22.9,45.9,5906,312 L,1.4,5.0,-1.7,2.57° closed,1.37° out-to-in,1.2° closed,,,1.1,9.3,9.7,9,6.1,3,37.1
45,2026-08-18T22:30:24.000Z,Huge Slice,9 Iron,Default,149.5,168.9,44.2,37.0,21.6,13.5,4.5,81.5,114.9,1.4,6.9 R,9.3,28.3,4567,10000 R,18.9,63.0,-5.3,11.68° open,0.52° out-to-in,12.2° open,,,-0.6,7,0,1,0,0,8
46,2026-08-18T22:30:24.000Z,Dead Straight,9 Iron,Default,138.1,140.4,2.0,1.9,1.5,31.2,5.7,77.9,99.8,1.3,0.11 R,27.2,46.6,5281,156 R,1.6,6.0,-0.1,0.12° closed,0.83° out-to-in,0.71° open,,,2.2,9.1,10,5.8,10,10,44.9
47,2026-08-18T22:30:24.000Z,Straight Fade,9 Iron,Default,130.5,132.0,13.1,12.9,10.1,30.1,5.6,78.7,101.5,1.3,1.18 R,24.8,47.0,6998,1406 R,10.2,39.0,-1.8,2.03° open,4.43° out-to-in,6.46° open,,,0.8,4.6,5.5,8.5,1.4,6,26
48,2026-08-18T22:30:24.000Z,Push,9 Iron,Default,129.7,131.4,10.1,10.0,6.8,30.0,5.6,76.6,98.3,1.3,1.99 R,26.6,46.5,6037,938 R,5.4,21.0,-0.8,2.36° open,2.19° out-to-in,4.55° open,,,0.5,6.3,4.9,6.9,3,3,24.1
49,2026-08-18T22:30:24.000Z,Straight Draw,7 Iron,Default,152.1,157.3,5.0,4.6,-3.9,27.5,5.7,80.9,111.7,1.4,0.38 R,18.3,42.7,6107,625 L,5.7,19.0,-4.5,0.53° closed,1.91° in-to-out,2.44° closed,,,0.7,7.6,5.6,9.3,7.7,6,36.2
50,2026-08-18T22:30:24.000Z,Push,7 Iron,Default,169.2,200.9,27.3,22.1,9.5,12.0,4.5,82.7,122.3,1.5,5.47 R,8.2,22.8,3390,625 R,5.9,17.0,-3.5,5.55° open,1.13° in-to-out,4.42° open,,,-0.2,7,5.8,1.8,2.2,3,19.9
51,2026-08-18T22:30:24.000Z,Slight Pull,7 Iron,Default,158.9,164.0,6.8,6.5,-3.0,31.1,6.0,83.6,116.8,1.4,1.67 L,18.6,45.2,6498,312 L,1.9,6.0,-4.4,2.03° closed,0.83° out-to-in,1.2° closed,,,1.3,9.2,7.7,9.3,6.9,6,39.1
52,2026-08-18T22:30:24.000Z,Straight Draw,7 Iron,Default,176.9,182.2,12.2,11.5,-8.1,41.5,6.8,89.5,129.4,1.4,0.63 R,20.7,49.6,6023,937 L,13.4,38.0,-0.8,0.62° closed,3.22° in-to-out,3.84° closed,,,0.2,7.2,9.1,7.5,6.1,6,35.9
53,2026-08-18T22:30:24.000Z,Dead Straight,7 Iron,Default,136.6,196.9,0.6,0.6,-0.0,3.3,3.0,86.2,127.8,1.5,0.49 R,2.6,8.8,3025,0,0.6,2.0,-3.9,0.14° open,0.3° out-to-in,0.44° open,,,0.0,10,0.7,0.4,10,10,31.1
54,2026-08-18T22:30:24.000Z,Slight Push,7 Iron,Default,170.1,175.7,8.4,8.2,2.3,34.5,6.2,84.3,121.8,1.4,3.27 R,19.3,46.6,5308,0,1.5,4.0,-1.1,2.78° open,1.66° in-to-out,1.12° open,,,1.2,9.5,10,8.8,6.9,6,41.2
55,2026-08-18T22:30:24.000Z,Push Slice,7 Iron,Default,169.6,175.1,30.8,29.5,13.5,36.1,6.4,86.1,123.1,1.4,6.42 R,18.9,47.0,6222,1094 R,10.4,31.0,-3.6,6.45° open,0.39° in-to-out,6.06° open,,,-0.1,7,2.1,8.9,0,0,17.9
56,2026-08-18T22:30:24.000Z,Push,7 Iron,Default,155.4,164.1,14.9,13.9,7.2,22.6,5.3,81.2,114.5,1.4,3.03 R,14.2,39.3,5394,625 R,5.6,18.0,-5.3,3.07° open,0.64° out-to-in,3.71° open,,,0.3,6.8,6.6,7.6,3.8,3,27.8
57,2026-08-18T22:30:24.000Z,Pull Hook,7 Iron,Default,169.7,176.3,20.4,19.2,-10.3,30.9,5.9,83.9,121.7,1.4,2.71 L,17.4,44.3,5218,937 L,11.2,33.0,-2.2,3.13° closed,0.87° in-to-out,4° closed,,,0.1,7.9,7.3,8,3,0,26.2
58,2026-08-18T22:30:24.000Z,Push,7 Iron,Default,183.1,189.4,13.8,13.2,5.3,42.4,6.6,88.3,126.9,1.4,2.99 R,21.8,48.6,4426,156 R,3.7,10.0,1.9,2.65° open,0.88° in-to-out,1.77° open,,,0.1,9.8,6.8,5.5,6.9,3,32
59,2026-08-18T22:30:24.000Z,Top,,,23.2,88.2,19.1,5.0,12.5,0.8,0.6,72.3,88.9,1.2,12.2 R,7.8,8.2,289,625 L,0.0,0.0,2.9,10.52° open,8.69° in-to-out,1.83° open,,,-0.2,3,0,0.9,0,0,3.9
60,2026-08-18T22:30:24.000Z,Push,7 Iron,Default,134.5,139.3,9.6,9.2,4.7,21.6,5.1,77.7,102.1,1.3,3.13 R,17.9,40.0,6056,313 R,1.8,7.0,-4.7,2.9° open,0.51° in-to-out,2.39° open,,,0.3,6.4,0.2,7.7,4.5,3,21.8
61,2026-08-18T22:30:24.000Z,Push,7 Iron,Default,156.9,161.5,14.8,14.2,7.5,32.0,6.0,82.6,115.4,1.4,2.87 R,19.7,45.9,6186,625 R,6.3,20.0,-3.8,2.8° open,0.53° out-to-in,3.33° open,,,0.2,7.8,7.1,9.6,3.8,3,31.3
62,2026-08-18T22:30:24.000Z,Push Slice,7 Iron,Default,166.2,171.2,23.3,22.3,11.3,38.6,6.4,84.5,117.4,1.4,4.16 R,23.4,48.1,4748,781 R,10.2,31.0,0.6,4.09° open,0.15° out-to-in,4.24° open,,,0.1,7.9,5.6,6.8,2.6,0,22.8
63,2026-08-18T22:30:24.000Z,Huge Slice,5 Iron,Default,162.9,170.4,36.3,34.0,17.6,26.7,5.7,83.9,119.3,1.4,6.36 R,14.8,41.7,6033,1563 R,15.9,49.0,-5.2,6.72° open,0.72° out-to-in,7.44° open,,,-0.0,5.8,0.7,6.8,0,0,13.3
64,2026-08-18T22:30:24.000Z,Pull Draw,5 Iron,Default,182.4,192.8,20.0,18.3,-9.3,25.0,5.7,88.5,132.5,1.5,2.22 L,10.4,40.5,5151,781 L,11.2,31.0,-5.3,2.76° closed,1.08° in-to-out,3.84° closed,,,0.3,8.6,8.2,5.9,3.8,3,29.5
65,2026-08-18T22:30:24.000Z,Straight Draw,5 Iron,Default,148.9,165.4,4.9,3.9,-3.5,15.2,4.6,79.6,111.3,1.4,0.47 R,11.7,30.1,4223,469 L,5.1,17.0,-4.5,0.3° closed,1.67° in-to-out,1.97° closed,,,0.6,7,0,6.4,8.4,6,27.8
66,2026-08-18T22:30:24.000Z,Straight Draw,5 Iron,Default,144.9,165.4,10.6,8.4,-6.2,14.2,4.3,78.5,110.0,1.4,0.42 L,11.9,28.4,3610,625 L,7.3,25.0,-3.0,1.33° closed,1.39° in-to-out,2.72° closed,,,0.5,6.1,0,5.1,6.9,6,24.1
67,2026-08-18T22:30:24.000Z,Straight Draw,5 Iron,Default,173.3,188.0,14.9,12.7,-8.3,17.7,5.2,87.3,129.5,1.5,0.1 L,7.0,34.3,5098,937 L,12.4,36.0,-5.5,1.19° closed,3.18° in-to-out,4.37° closed,,,0.8,7.3,6.1,5.1,5.3,6,29.9
68,2026-08-18T22:30:24.000Z,Push Slice,5 Iron,Default,180.9,187.6,28.7,27.2,12.4,33.7,6.3,88.5,129.7,1.5,4.83 R,15.1,45.7,5954,1094 R,11.9,33.0,-4.8,4.86° open,0.7° out-to-in,5.56° open,,,0.2,7.3,4.4,6.7,0,0,18.4
69,2026-08-18T22:30:24.000Z,Huge Hook,5 Iron,Default,162.1,173.7,42.0,37.8,-20.8,19.5,5.1,83.0,120.9,1.5,6.06 L,11.7,35.0,4820,10000 L,20.6,64.0,-4.4,13.39° closed,0.88° out-to-in,12.51° closed,,,-0.1,5.4,0,8,0,0,13.4
70,2026-08-18T22:30:24.000Z,Push Slice,5 Iron,Default,181.7,188.6,37.1,34.9,17.9,32.5,6.3,89.3,130.8,1.5,4.23 R,14.3,45.1,6212,1719 R,21.5,59.0,-5.4,4.68° open,2.57° out-to-in,7.25° open,,,0.0,6.4,1,5.9,0,0,13.3
71,2026-08-18T22:30:24.000Z,Straight Fade,5 Iron,Default,188.4,197.0,5.6,5.1,3.3,29.0,6.2,87.7,130.4,1.5,0.16 L,12.6,41.9,5218,313 R,5.6,15.0,-4.7,0.17° closed,1.57° out-to-in,1.4° open,,,1.5,10,10,7.1,8.4,6,41.5
72,2026-08-18T22:30:24.000Z,Top,5 Iron,Default,21.2,104.5,29.8,5.9,16.6,0.4,0.5,76.0,104.0,1.4,15.17 R,5.0,4.7,733,625 L,0.2,4.0,4.1,13° open,9.26° in-to-out,3.74° open,,,-0.4,1.9,0,0.5,0,0,2.4
73,2026-08-18T22:30:24.000Z,Huge Push Slice,5 Iron,Default,174.4,180.0,52.2,49.7,25.7,34.0,6.3,89.0,129.1,1.5,7.22 R,16.1,46.1,6519,2500 R,27.6,79.0,-5.3,8.02° open,2.52° out-to-in,10.54° open,,,-0.2,6.5,0,6.5,0,0,13.1
74,2026-08-18T22:30:24.000Z,Shank,5 Iron,Default,65.1,145.7,80.3,33.4,35.6,0.6,1.4,83.2,119.0,1.4,23.28 R,1.6,3.0,2440,10000 R,5.4,41.0,-3.8,23.72° open,1.85° in-to-out,21.87° open,,,-0.4,5.5,0,1.7,0,0,7.3
75,2026-08-18T22:30:24.000Z,Huge Push Slice,5 Iron,Default,164.4,173.1,61.9,57.5,30.1,24.9,5.5,83.4,121.4,1.5,10.33 R,14.4,40.5,5053,10000 R,27.5,84.0,-3.7,13.54° open,0.38° out-to-in,13.92° open,,,-0.3,5.6,0,8.8,0,0,14.4
76,2026-08-18T22:30:24.000Z,Push Slice,5 Iron,Default,180.0,188.9,34.0,31.8,14.2,26.4,5.9,86.1,127.2,1.5,6.02 R,12.6,41.0,5174,1094 R,12.8,36.0,-4.6,6.15° open,0.03° out-to-in,6.18° open,,,0.1,6.7,2.4,7.7,0,0,16.8
77,2026-08-18T22:30:24.000Z,Huge Push Slice,5 Iron,Default,185.3,192.0,53.8,51.1,24.3,35.8,6.3,87.6,130.1,1.5,7.5 R,17.3,46.3,4690,1875 R,26.7,72.0,-0.8,7.86° open,0.58° out-to-in,8.44° open,,,-0.2,7,0,8.7,0,0,15.7
78,2026-08-18T22:30:24.000Z,Huge Slice,5 Iron,Default,182.9,190.1,43.3,40.8,20.1,35.4,6.4,87.8,129.3,1.5,5.63 R,16.8,46.8,5308,1719 R,22.8,62.0,-2.5,6.07° open,1.59° out-to-in,7.66° open,,,-0.1,7,0,8,0,0,15
79,2026-08-18T22:30:24.000Z,Push Slice,5 Iron,Default,181.1,189.9,31.1,28.7,15.7,30.3,5.3,85.1,126.1,1.5,2.55 R,20.0,44.1,1883,625 R,20.7,57.0,5.7,2.37° open,0.65° out-to-in,3.02° open,,,0.1,8.6,3.7,5.2,5.7,0,23.2
80,2026-08-18T22:30:24.000Z,Push Slice,5 Iron,Default,175.9,189.2,35.8,31.7,17.7,19.6,5.3,86.2,128.0,1.5,2.98 R,9.2,34.9,4863,1875 R,22.5,64.0,-5.2,3.65° open,3.32° out-to-in,6.97° open,,,0.0,5.8,2.3,6.6,0,0,14.7
81,2026-08-18T22:30:24.000Z,Push,5 Iron,Default,186.3,195.0,14.7,13.8,6.0,27.6,6.1,89.1,132.5,1.5,2.51 R,11.0,42.4,5560,469 R,5.6,15.0,-5.5,2.33° open,0.41° out-to-in,2.74° open,,,0.5,9.4,9.1,5.3,5.3,3,32.1
82,2026-08-18T22:30:24.000Z,Dead Straight,5 Iron,Default,186.9,197.2,4.1,3.8,-1.8,27.6,5.8,85.3,128.0,1.5,0.51 L,13.5,40.5,4157,156 L,2.1,6.0,-2.1,0.81° closed,0.26° out-to-in,0.55° closed,,,1.5,9.5,10,8.3,8.8,10,46.6
83,2026-08-18T22:30:24.000Z,Push,5 Iron,Default,184.5,193.1,23.6,22.1,10.0,30.5,6.0,84.5,126.0,1.5,3.78 R,15.9,43.6,4146,625 R,9.9,27.0,-1.0,3.63° open,0.01° in-to-out,3.62° open,,,0.3,7.9,6.8,9.5,3.8,3,31
84,2026-08-18T22:30:24.000Z,Shank,5 Iron,Default,47.6,139.4,139.8,48.2,94.4,0.7,0.9,84.0,124.5,1.5,43.09 R,3.0,3.7,1543,1563 R,3.7,38.0,-1.7,25.18° open,9.22° in-to-out,15.96° open,,,-0.8,2.9,0,2,0,0,4.9
85,2026-08-18T22:30:24.000Z,Dead Straight,5 Iron,Default,185.2,194.3,1.5,1.4,-0.4,28.8,5.9,85.9,128.3,1.5,0.52 L,13.8,42.5,4491,0,0.2,1.0,-2.6,0.7° closed,0.84° out-to-in,0.14° open,,,1.8,9.7,10,8.7,10,10,48.4
1,2026-08-17T23:08:07.000Z,Slight Pull,Pitching Wedge,Default,58.8,82.9,3.6,2.6,-2.5,3.9,2.2,70.3,69.8,1.0,2.54 L,11.7,17.4,5532,625 L,0.0,0.0,-3.8,3.13° closed,0.84° in-to-out,3.97° closed,,,-0.2,4.7,0,0.7,10,6,21.4
2,2026-08-17T23:08:07.000Z,Shank,Pitching Wedge,Default,17.9,53.8,41.7,13.7,51.4,0.8,0.7,50.0,57.9,1.2,36.48 R,9.6,10.2,1737,0,0.5,13.0,1.0,5.62° open,2.76° out-to-in,8.38° open,,,-0.9,2.4,0,0,0,0,2.4
3,2026-08-17T23:08:07.000Z,Straight Fade,Pitching Wedge,Default,44.4,53.1,1.8,1.3,2.9,7.0,2.4,45.5,51.7,1.1,0.52 R,27.2,33.0,4569,0,0.9,10.0,0.1,0.03° open,0.09° out-to-in,0.12° open,,,-0.4,6,0,4.1,10,6,26.2
4,2026-08-17T23:08:07.000Z,Push,Pitching Wedge,Default,79.2,83.5,12.4,11.6,10.3,15.2,3.6,61.7,68.7,1.1,6.5 R,30.7,40.4,3463,625 R,2.6,17.0,-2.0,6.61° open,2.2° in-to-out,4.41° open,,,-0.2,4,0,2.6,0,3,9.6
5,2026-08-17T23:08:07.000Z,Huge Push,Pitching Wedge,Default,82.1,87.2,19.1,17.8,14.4,15.1,3.9,63.7,70.5,1.1,10.52 R,27.6,40.6,7624,1875 R,2.6,16.0,-3.2,11.94° open,1.43° in-to-out,10.51° open,,,-0.2,3,0,6.8,0,0,9.8
6,2026-08-17T23:08:07.000Z,Pull,Pitching Wedge,Default,73.9,91.6,12.3,9.5,-9.0,7.1,2.8,65.7,75.0,1.1,5.79 L,15.4,23.8,4923,625 L,2.0,14.0,-4.9,5.99° closed,2.13° out-to-in,3.86° closed,,,-0.2,4.5,0,1.4,0,3,8.9
7,2026-08-17T23:08:07.000Z,Top,Pitching Wedge,Default,20.6,70.0,7.6,2.0,6.5,0.8,0.7,57.7,70.4,1.2,4.49 R,8.9,9.6,949,0,0.4,9.0,3.0,3.89° open,3.23° in-to-out,0.66° open,,,-0.4,5.1,0,0,10,0,15.1
8,2026-08-17T23:08:07.000Z,Straight Fade,Pitching Wedge,Default,86.5,87.4,5.8,5.7,8.4,20.8,4.2,67.7,74.5,1.1,0.82 L,32.0,46.8,6066,1250 R,6.9,40.0,-1.6,1.52° open,5.56° out-to-in,7.08° open,,,-0.2,0.4,0,3.2,3.8,6,13.3
9,2026-08-17T23:08:07.000Z,Straight Fade,Pitching Wedge,Default,99.9,112.6,10.3,8.3,8.8,11.5,3.8,74.4,85.2,1.1,0.77 R,15.6,31.2,6615,1875 R,7.0,35.0,-5.3,2.16° open,6.18° out-to-in,8.34° open,,,0.2,1.1,0,3.1,0,6,10.3
10,2026-08-17T23:08:07.000Z,Push,Pitching Wedge,Default,82.7,84.9,7.2,6.9,6.3,18.0,3.9,67.8,73.7,1.1,3.3 R,34.9,47.7,2357,0,2.2,13.0,-3.2,2.92° open,1.83° in-to-out,1.09° open,,,-0.2,6,0,0.8,6.9,3,16.7
11,2026-08-17T23:08:07.000Z,Huge Push Slice,Pitching Wedge,Default,104.7,119.4,41.4,34.4,27.9,10.2,3.7,78.8,93.1,1.2,10.05 R,12.4,28.6,6941,10000 R,15.9,76.0,-5.5,13.26° open,0.04° out-to-in,13.3° open,,,-0.5,6.3,0,3.2,0,0,9.4
12,2026-08-17T23:08:07.000Z,Baby Fade,Pitching Wedge,Default,61.5,64.7,0.6,0.4,4.2,13.4,3.3,61.4,65.4,1.1,3.46 L,32.7,42.7,4170,1250 R,4.1,33.0,-2.6,0.51° closed,7.84° out-to-in,7.33° open,,,-0.4,0,0,1.8,10,10,21.8
13,2026-08-17T23:08:07.000Z,Huge Push Slice,Pitching Wedge,Default,87.6,89.2,20.5,20.0,18.5,21.1,4.5,67.2,73.6,1.1,7.69 R,33.2,48.1,8665,3750 R,8.1,46.0,-1.6,8.52° open,1.72° out-to-in,10.24° open,,,-0.2,3,0,4.1,0,0,7.2
14,2026-08-17T23:08:07.000Z,Huge Push Slice,Pitching Wedge,Default,114.8,124.3,36.2,32.3,24.3,13.8,4.3,78.7,94.3,1.2,8.09 R,14.6,33.6,7220,10000 R,16.0,69.0,-5.6,11.74° open,0.75° out-to-in,12.49° open,,,-0.4,6.2,0,4.5,0,0,10.7
15,2026-08-17T23:08:07.000Z,Push Fade,Pitching Wedge,Default,97.7,98.7,9.7,9.5,9.2,25.1,4.9,71.1,80.5,1.1,2 R,32.7,49.3,8536,1875 R,6.1,31.0,-1.4,4.17° open,5.7° out-to-in,9.87° open,,,-0.0,0.5,0,4.5,0,3,8
16,2026-08-17T23:08:07.000Z,Push,Pitching Wedge,Default,98.0,98.7,15.1,15.0,11.0,26.1,5.0,73.3,80.1,1.1,6.51 R,33.7,49.8,8969,1875 R,3.8,19.0,-1.5,8.68° open,2.25° out-to-in,10.93° open,,,-0.1,3.6,0,3.6,0,3,10.2
17,2026-08-17T23:08:07.000Z,Push,Pitching Wedge,Default,95.8,95.6,12.1,12.1,10.0,25.2,4.8,71.3,78.2,1.1,4.55 R,34.6,49.1,6299,1250 R,4.5,23.0,-2.6,6.2° open,1.53° out-to-in,7.73° open,,,-0.1,3.3,0,2.4,0,3,8.7
18,2026-08-17T23:08:07.000Z,Huge Slice,Pitching Wedge,Default,107.1,118.8,27.8,24.0,19.1,12.2,4.0,78.0,90.8,1.2,6.58 R,14.5,31.4,6883,2500 R,11.6,54.0,-5.6,8.09° open,2.63° out-to-in,10.72° open,,,-0.3,5.4,0,3.4,0,0,8.8
19,2026-08-17T23:08:07.000Z,Huge Push Slice,Pitching Wedge,Default,114.6,128.4,42.3,36.0,27.0,11.7,4.0,78.8,96.7,1.2,9.26 R,12.6,29.5,6282,10000 R,17.3,76.0,-5.5,12.89° open,0.18° out-to-in,13.07° open,,,-0.5,6.3,0,3.1,0,0,9.4
20,2026-08-17T23:08:07.000Z,Shank,Pitching Wedge,Default,21.7,81.4,41.4,10.8,30.8,0.7,0.6,63.2,77.4,1.2,25.58 R,7.2,7.7,1071,625 L,0.4,9.0,3.3,9.97° open,6.07° in-to-out,3.9° open,,,-0.7,1.6,0,0,0,0,1.6
21,2026-08-17T23:08:07.000Z,Pull,Pitching Wedge,Default,101.5,113.0,7.4,6.5,-4.4,11.6,3.9,77.6,87.7,1.1,2.94 L,14.5,31.6,7362,625 L,1.3,7.0,-5.7,3.16° closed,0.17° in-to-out,3.33° closed,,,0.2,7.7,0,3.6,0.6,3,14.9
22,2026-08-17T23:08:07.000Z,Dead Straight,Pitching Wedge,Default,101.5,102.8,2.4,2.4,-2.2,24.7,4.9,69.6,84.0,1.2,0.5 L,29.8,48.3,7317,625 L,1.5,7.0,-1.0,1.77° closed,1.01° in-to-out,2.78° closed,,,0.1,5.5,0,5.7,10,10,31.2
23,2026-08-17T23:08:07.000Z,Push Slice,Pitching Wedge,Default,113.4,116.6,19.6,18.8,13.7,20.5,4.9,77.4,90.9,1.2,5.34 R,21.4,41.6,8562,1875 R,8.2,36.0,-5.7,6.85° open,2.57° out-to-in,9.42° open,,,0.1,5.1,0,6.8,0,0,11.9
24,2026-08-17T23:08:07.000Z,Push Fade,Pitching Wedge,Default,95.9,95.9,8.1,8.1,8.3,30.9,5.3,77.3,84.8,1.1,1.4 R,35.4,52.6,9083,1250 R,5.8,30.0,-1.3,2.89° open,4.44° out-to-in,7.33° open,,,-0.1,3.7,0,2.8,0.6,3,10.1
25,2026-08-17T23:08:07.000Z,Push,Pitching Wedge,Default,102.0,146.7,15.2,8.8,8.3,3.0,2.7,82.8,106.3,1.3,1.56 R,3.2,10.3,5127,10000 R,6.0,29.0,-3.8,6.95° open,2.03° out-to-in,8.98° open,,,-0.2,6.9,0,1.6,0,3,11.4
26,2026-08-17T23:08:07.000Z,Push,Pitching Wedge,Default,103.6,103.5,10.3,10.3,8.1,33.7,5.4,79.8,87.8,1.1,3.28 R,36.3,52.6,7065,938 R,4.3,21.0,-2.2,4.05° open,1.45° out-to-in,5.5° open,,,0.0,7,0,2.8,0.6,3,13.5
27,2026-08-17T23:08:07.000Z,Push Slice,Pitching Wedge,Default,102.0,101.8,12.0,12.0,11.4,28.5,4.8,72.9,83.2,1.1,2.05 R,36.3,49.5,3186,938 R,8.3,41.0,-2.5,3.1° open,2.84° out-to-in,5.94° open,,,0.0,3.1,0,0.2,3.8,0,7
28,2026-08-17T23:08:07.000Z,Huge Push Slice,Pitching Wedge,Default,135.2,146.2,51.5,45.8,30.5,15.0,4.5,82.5,109.9,1.3,8.69 R,11.0,33.0,6482,10000 R,25.1,93.0,-5.4,12.87° open,0.23° out-to-in,13.1° open,,,-0.7,7,0,2.2,0,0,9.2
29,2026-08-17T23:08:07.000Z,Top,Pitching Wedge,Default,24.3,85.7,24.0,6.7,-16.4,0.8,0.7,64.0,78.9,1.2,14.83 L,7.0,7.4,1245,625 R,0.2,5.0,2.8,12.93° closed,10.92° out-to-in,2.01° closed,,,-0.3,3,0,0,0,0,3
30,2026-08-17T23:08:07.000Z,Push,Pitching Wedge,Default,100.4,101.1,15.8,15.7,12.2,27.4,5.2,72.8,82.3,1.1,5.68 R,33.6,49.7,7388,1875 R,5.7,28.0,-1.2,7.94° open,2.86° out-to-in,10.8° open,,,-0.0,2.9,0,4.1,0,3,10.1
31,2026-08-17T23:08:07.000Z,Push Slice,Pitching Wedge,Default,131.2,139.5,26.3,24.0,16.0,17.2,4.7,80.7,103.1,1.3,5.02 R,13.7,36.0,6758,1875 R,12.5,47.0,-5.5,5.97° open,2.4° out-to-in,8.37° open,,,-0.3,6.6,1.2,4.3,0,0,12.1
32,2026-08-17T23:08:07.000Z,Push,Pitching Wedge,Default,101.8,102.9,12.1,12.0,8.7,27.4,5.2,71.8,84.2,1.2,4.8 R,31.8,48.8,7606,1250 R,3.4,17.0,-0.9,5.99° open,0.98° out-to-in,6.97° open,,,0.0,3.4,0,5,0,3,11.4
33,2026-08-17T23:08:07.000Z,Push Slice,Pitching Wedge,Default,121.9,125.6,24.0,22.9,16.7,20.3,4.9,80.1,98.3,1.2,4.84 R,18.6,41.1,8317,2500 R,12.6,52.0,-5.6,6.7° open,4.29° out-to-in,10.99° open,,,-0.2,5,1.4,7.2,0,0,13.6
34,2026-08-17T23:08:07.000Z,Push,Pitching Wedge,Default,109.2,109.4,14.2,14.2,9.7,33.4,5.7,78.5,92.1,1.2,5.23 R,32.4,51.5,9178,1250 R,4.2,19.0,-3.4,6.13° open,0.53° out-to-in,6.66° open,,,0.1,6.1,0,4.6,0,3,13.7
35,2026-08-17T23:08:07.000Z,Push,Pitching Wedge,Default,115.6,116.4,16.3,16.1,11.0,26.4,5.3,78.4,93.8,1.2,5.02 R,24.8,46.6,9265,1563 R,6.0,26.0,-5.8,6.29° open,1.77° out-to-in,8.06° open,,,0.2,6.1,0,7.9,0,3,17
36,2026-08-17T23:08:07.000Z,Top,Pitching Wedge,Default,35.9,83.7,2.2,1.0,-1.5,2.3,1.0,69.3,85.5,1.2,1.62 L,13.5,14.9,50,156 R,0.0,1.0,0.2,1.37° closed,2.35° out-to-in,0.98° open,,,-0.2,5.8,0,0.4,10,0,16.2
37,2026-08-17T23:08:07.000Z,Dead Straight,Pitching Wedge,Default,109.8,109.9,1.8,1.8,1.2,32.2,5.6,76.2,89.6,1.2,0.71 R,32.4,53.2,7706,0,0.5,2.0,-0.8,0.23° open,0.04° in-to-out,0.19° open,,,0.2,7.9,0,5.1,10,10,33.1
38,2026-08-17T23:08:07.000Z,Straight Fade,Pitching Wedge,Default,113.3,113.9,3.6,3.6,2.9,27.4,5.4,76.3,91.0,1.2,0.67 R,26.8,50.3,8803,313 R,2.2,10.0,-3.6,0.54° open,0.97° out-to-in,1.51° open,,,0.3,8,0,7.2,6.9,6,28
39,2026-08-17T23:08:07.000Z,Dead Straight,Pitching Wedge,Default,100.8,102.4,2.1,2.0,-2.1,22.9,4.8,72.6,80.8,1.1,0.17 L,29.5,47.3,9025,625 L,1.7,8.0,-3.2,1.45° closed,1.37° in-to-out,2.82° closed,,,0.1,5.9,0,5.3,10,10,31.2
40,2026-08-17T23:08:07.000Z,Push Slice,Pitching Wedge,Default,118.8,121.1,14.6,14.2,11.4,22.7,5.2,79.0,95.0,1.2,2.27 R,20.2,46.3,8795,1875 R,9.5,40.0,-5.9,3.54° open,5.62° out-to-in,9.16° open,,,-0.0,3.6,0,6.9,0,0,10.5
41,2026-08-17T23:08:07.000Z,Huge Slice,Pitching Wedge,Default,117.4,119.5,27.2,26.4,20.8,21.8,5.1,79.9,96.0,1.2,5.09 R,19.5,46.0,8912,3438 R,15.9,68.0,-5.8,6.83° open,5.43° out-to-in,12.26° open,,,-0.3,4.1,0,6.6,0,0,10.7
42,2026-08-17T23:08:07.000Z,Slight Push,Pitching Wedge,Default,107.3,107.2,5.4,5.4,3.8,32.0,5.6,76.2,88.1,1.2,2 R,33.2,54.7,7536,625 R,1.6,8.0,-1.0,2.17° open,1.01° out-to-in,3.18° open,,,0.1,7.1,0,4.5,3.8,6,21.3
43,2026-08-17T23:08:07.000Z,Push,Pitching Wedge,Default,94.0,95.2,12.1,11.8,10.5,22.3,4.6,69.0,77.3,1.1,3.92 R,31.7,47.8,8525,2500 R,5.4,29.0,-1.7,6.06° open,5.47° out-to-in,11.53° open,,,-0.1,0.5,0,4.9,0,3,8.4
44,2026-08-17T23:08:07.000Z,Huge Slice,Pitching Wedge,Default,103.1,103.0,22.4,22.4,19.5,32.6,5.6,77.9,86.0,1.1,5.53 R,35.7,53.5,7799,3125 R,12.5,60.0,-1.4,6.94° open,4.47° out-to-in,11.41° open,,,-0.1,4,0,3.5,0,0,7.5
45,2026-08-17T23:08:07.000Z,Push Slice,Pitching Wedge,Default,110.7,113.5,18.3,17.6,14.4,20.4,4.8,76.5,89.4,1.2,3.86 R,21.8,43.2,8283,2188 R,10.1,46.0,-5.6,5.95° open,4.85° out-to-in,10.8° open,,,0.1,2.9,0,7,0,0,9.9
46,2026-08-17T23:08:07.000Z,Shank,Pitching Wedge,Default,104.5,133.5,102.8,77.1,60.3,8.0,3.1,73.8,98.0,1.3,27.35 R,11.5,21.2,3518,10000 R,23.1,100.0,-2.8,19.3° open,2.4° out-to-in,21.7° open,,,-0.9,3.6,0,1.9,0,0,5.5
47,2026-08-17T23:08:07.000Z,Push Slice,Pitching Wedge,Default,102.4,103.3,17.3,17.1,14.1,25.5,5.0,70.2,82.3,1.2,5.07 R,31.2,49.0,7882,2500 R,8.0,39.0,-1.2,7.16° open,4.8° out-to-in,11.96° open,,,-0.0,1.1,0,5.3,0,0,6.4
48,2026-08-17T23:08:07.000Z,Push Slice,Pitching Wedge,Default,105.6,105.6,13.8,13.8,11.0,32.7,5.7,77.7,88.6,1.1,3.95 R,33.6,53.7,8847,1875 R,6.5,31.0,-1.4,6.05° open,4.43° out-to-in,10.48° open,,,0.0,3.9,0,4,0,0,7.9
49,2026-08-17T23:08:07.000Z,Push Slice,8 Iron,Default,123.0,124.6,21.5,21.1,14.3,26.9,5.4,72.4,92.5,1.3,5.34 R,26.3,47.7,6723,1875 R,9.6,39.0,-1.4,7° open,2.62° out-to-in,9.62° open,,,0.0,2.8,0,5.4,0,0,8.1
50,2026-08-17T23:08:07.000Z,Push,8 Iron,Default,109.8,113.1,6.0,5.8,3.9,20.0,4.4,69.1,87.4,1.3,2.07 R,23.7,42.7,5947,313 R,1.8,8.0,-1.5,1.69° open,0.16° out-to-in,1.85° open,,,-0.0,6,0,6.7,5.3,3,21.1
51,2026-08-17T23:08:07.000Z,Huge Push Slice,8 Iron,Default,121.9,123.0,31.0,30.7,20.5,30.2,5.6,74.6,94.7,1.3,8.45 R,27.9,50.8,6695,2500 R,12.6,52.0,-0.9,10.44° open,1.81° out-to-in,12.25° open,,,-0.4,3.7,0,4.7,0,0,8.4
52,2026-08-17T23:08:07.000Z,Huge Slice,8 Iron,Default,122.4,131.8,30.2,26.9,20.0,14.8,4.4,78.9,97.8,1.2,5.32 R,13.9,34.7,6597,2813 R,15.6,64.0,-5.5,7.04° open,3.6° out-to-in,10.64° open,,,-0.3,4.2,0,5.1,0,0,9.4
53,2026-08-17T23:08:07.000Z,Push,8 Iron,Default,115.2,117.1,7.6,7.4,5.8,23.3,5.1,74.0,91.2,1.2,1.65 R,23.8,46.1,7759,938 R,4.1,18.0,-3.9,2.01° open,2.73° out-to-in,4.74° open,,,-0.0,3.9,0,4.8,2.2,3,13.9
54,2026-08-17T23:08:07.000Z,Push Slice,8 Iron,Default,155.3,158.4,24.6,24.0,12.5,41.3,6.5,87.9,110.3,1.3,5.21 R,28.8,53.6,4335,781 R,9.8,32.0,-0.1,5.29° open,0.66° in-to-out,4.63° open,,,-0.0,6.7,4,4.4,1.4,0,16.5
55,2026-08-17T23:08:07.000Z,Huge Push Slice,8 Iron,Default,136.1,140.9,53.3,50.6,32.6,21.2,5.1,80.0,104.8,1.3,10.48 R,16.7,40.4,6696,10000 R,25.5,94.0,-5.2,12.83° open,0.88° out-to-in,13.71° open,,,-0.5,6,0,7.2,0,0,13.2
56,2026-08-17T23:08:07.000Z,Push,8 Iron,Default,139.5,140.4,7.6,7.6,4.7,33.9,6.1,81.2,106.5,1.3,1.53 R,24.0,51.2,7673,625 R,3.8,14.0,-3.1,1.28° open,1.5° out-to-in,2.78° open,,,0.4,9,2.7,6.4,5.3,3,26.4
57,2026-08-17T23:08:07.000Z,Shank,8 Iron,Default,126.9,142.1,74.4,64.3,40.8,14.7,4.1,74.2,100.5,1.4,18.08 R,15.2,32.4,4116,10000 R,22.9,90.0,-2.4,15.45° open,1.19° out-to-in,16.64° open,,,-0.6,3.6,0,3.8,0,0,7.3
58,2026-08-17T23:08:07.000Z,Push Slice,8 Iron,Default,132.2,133.6,25.0,24.6,17.4,28.7,5.6,78.3,101.0,1.3,3.93 R,23.0,47.8,7275,2500 R,15.5,59.0,-3.3,5.88° open,5.39° out-to-in,11.27° open,,,0.1,2.6,0.3,6.5,0,0,9.4
59,2026-08-17T23:08:07.000Z,Push Slice,8 Iron,Default,124.2,146.5,19.1,14.7,11.6,8.9,3.9,82.8,105.6,1.3,1.94 R,7.0,24.2,6340,1563 R,10.4,42.0,-4.7,2.67° open,3.31° out-to-in,5.98° open,,,0.3,6,0,4.4,0,0,10.4
60,2026-08-17T23:08:07.000Z,Push Slice,8 Iron,Default,133.6,134.5,23.3,23.1,15.1,34.2,6.0,81.6,105.4,1.3,4.74 R,25.1,51.5,8475,1875 R,12.0,45.0,-4.1,6.03° open,3.03° out-to-in,9.06° open,,,0.1,5.9,0.7,4.9,0,0,11.5
61,2026-08-17T23:08:07.000Z,Huge Slice,8 Iron,Default,123.3,125.0,30.9,30.3,22.3,27.0,5.4,77.2,97.0,1.3,6.01 R,24.1,47.3,7774,3438 R,17.3,70.0,-3.3,7.67° open,5.06° out-to-in,12.73° open,,,-0.4,2.3,0,4.8,0,0,7.1
62,2026-08-17T23:08:07.000Z,Push Slice,8 Iron,Default,140.1,144.6,23.2,21.9,15.7,22.1,5.3,81.7,107.0,1.3,2.3 R,15.7,41.9,7242,2500 R,16.3,58.0,-5.4,3.76° open,6.27° out-to-in,10.03° open,,,0.2,3.7,3.1,6.4,0,0,13.2
63,2026-08-17T23:08:07.000Z,Huge Slice,8 Iron,Default,136.3,137.0,26.9,26.7,17.7,39.3,6.4,82.3,108.1,1.3,4.82 R,27.1,53.1,8395,2344 R,15.2,56.0,-4.0,6.5° open,4.68° out-to-in,11.18° open,,,0.1,4.9,1.3,4.6,0,0,10.7
64,2026-08-17T23:08:07.000Z,Huge Push Slice,8 Iron,Default,137.3,138.0,31.1,30.9,17.8,42.6,6.5,87.6,106.0,1.2,8.05 R,31.4,54.1,6168,1563 R,11.5,42.0,-0.7,9° open,0.63° in-to-out,8.37° open,,,-0.3,5.8,0,5.1,0,0,10.9
65,2026-08-17T23:08:07.000Z,Baby Draw,8 Iron,Default,131.7,134.0,7.2,6.9,-7.6,27.0,5.2,75.5,100.5,1.3,1.65 R,24.1,47.2,5115,1094 L,10.6,40.0,-0.8,0.05° open,4.97° in-to-out,4.92° closed,,,0.3,2.5,0,6.1,6.1,10,24.7
66,2026-08-17T23:08:07.000Z,Straight Fade,8 Iron,Default,139.4,144.7,14.8,13.7,10.8,21.2,5.1,80.4,106.0,1.3,0.51 R,15.6,40.8,6602,1406 R,12.5,45.0,-5.2,1.38° open,4.54° out-to-in,5.92° open,,,0.4,4.4,2.7,7.1,1.4,6,21.6
67,2026-08-17T23:08:07.000Z,Straight Fade,8 Iron,Default,155.1,158.4,11.3,10.9,7.5,39.0,6.1,88.0,112.7,1.3,0.59 R,27.0,51.1,3513,625 R,9.3,30.0,1.1,0.65° open,2.07° out-to-in,2.72° open,,,0.7,8,8.9,4.4,6.1,6,33.4
68,2026-08-17T23:08:07.000Z,Straight Fade,8 Iron,Default,140.0,150.6,5.0,4.4,3.3,16.2,4.8,82.0,108.6,1.3,0.29 R,11.4,34.5,6366,313 R,3.7,13.0,-5.5,0.24° open,1.51° out-to-in,1.75° open,,,1.1,9.8,2.8,5.9,7.7,6,32.2
69,2026-08-17T23:08:07.000Z,Huge Slice,8 Iron,Default,140.2,142.1,36.1,35.4,22.1,32.1,5.9,79.9,106.5,1.3,7 R,23.4,47.0,6760,2500 R,18.2,65.0,-2.0,8.5° open,2.81° out-to-in,11.31° open,,,-0.3,5.4,0,8.1,0,0,13.4
70,2026-08-17T23:08:07.000Z,Push Slice,8 Iron,Default,118.5,120.6,17.6,17.1,13.9,25.9,5.0,71.7,90.6,1.3,2.65 R,27.6,45.7,6162,1875 R,11.6,49.0,-1.0,4.37° open,5.15° out-to-in,9.52° open,,,0.0,0.8,0,5.2,0,0,6
71,2026-08-17T23:08:07.000Z,Pull,8 Iron,Default,143.2,156.2,17.3,15.4,-8.2,15.1,4.7,81.3,109.6,1.3,4.16 L,10.8,32.3,5677,625 L,5.0,17.0,-5.3,4.36° closed,0.95° out-to-in,3.41° closed,,,0.1,8.5,4.4,5.6,2.2,3,23.6
72,2026-08-17T23:08:07.000Z,Huge Push Slice,8 Iron,Default,127.0,128.2,30.9,30.5,19.1,31.6,5.4,78.3,93.7,1.2,8.48 R,30.9,48.2,4057,1563 R,11.6,46.0,-2.1,9.7° open,0.93° in-to-out,8.77° open,,,-0.4,5.2,0,1.3,0,0,6.5
73,2026-08-17T23:08:07.000Z,Push,8 Iron,Default,140.3,141.6,11.7,11.5,5.8,36.2,6.2,80.4,104.9,1.3,3.69 R,26.8,51.1,6418,625 R,2.5,9.0,-0.6,3.61° open,0.07° in-to-out,3.54° open,,,0.4,8.1,3.1,6.7,3,3,23.9
74,2026-08-17T23:08:07.000Z,Huge Push Slice,8 Iron,Default,139.0,139.8,43.4,43.1,25.8,41.4,6.5,85.1,107.8,1.3,9.89 R,29.9,53.3,6794,2500 R,18.8,68.0,-0.1,11.62° open,0.56° out-to-in,12.18° open,,,-0.4,6.8,0,5.5,0,0,12.3
75,2026-08-17T23:08:07.000Z,Push Slice,8 Iron,Default,143.5,144.9,22.4,22.1,13.3,41.3,6.5,83.5,110.0,1.3,4.38 R,27.8,53.1,7018,1406 R,11.1,39.0,-0.4,5.01° open,1.74° out-to-in,6.75° open,,,0.3,7,3.7,6.3,0,0,17
76,2026-08-17T23:08:07.000Z,Push,8 Iron,Default,144.3,145.8,9.9,9.8,3.0,37.4,6.0,84.4,107.4,1.3,4.8 R,27.7,52.3,4882,0,2.3,8.0,-0.3,4.22° open,2.79° in-to-out,1.43° open,,,0.5,9.4,4.7,5.4,6.1,3,28.6
77,2026-08-17T23:08:07.000Z,Push Slice,6 Iron,Default,131.9,139.0,23.1,21.5,13.3,18.3,4.8,78.2,100.8,1.3,5.43 R,15.7,37.5,5979,1406 R,8.9,34.0,-5.2,6.06° open,0.97° out-to-in,7.03° open,,,0.1,3.6,0,6.5,0,0,10
78,2026-08-17T23:08:07.000Z,Push,6 Iron,Default,160.5,165.0,17.8,17.1,8.9,31.5,6.2,84.9,118.1,1.4,3.32 R,17.4,47.3,7019,938 R,7.8,24.0,-5.3,3.41° open,1.16° out-to-in,4.57° open,,,0.5,7.4,5.3,6.6,1.4,3,23.7
79,2026-08-17T23:08:07.000Z,Slight Push,6 Iron,Default,154.6,159.0,3.6,3.5,1.3,28.0,5.9,84.1,116.2,1.4,1.29 R,15.7,45.6,7072,0,0.0,0.0,-5.4,0.63° open,0.22° in-to-out,0.41° open,,,0.5,9,3.2,6.4,8.4,6,33.1
80,2026-08-17T23:08:07.000Z,Straight Fade,6 Iron,Default,160.8,165.0,4.4,4.2,3.5,31.6,6.2,85.7,119.8,1.4,0.51 L,16.9,48.0,7243,469 R,5.6,17.0,-5.5,0.34° closed,2.51° out-to-in,2.17° open,,,0.7,9.1,5.2,6.9,7.7,6,34.8
81,2026-08-17T23:08:07.000Z,Huge Slice,6 Iron,Default,149.6,152.1,33.4,32.6,19.0,32.4,6.0,81.3,110.8,1.4,6.04 R,21.5,48.6,6565,2188 R,16.7,56.0,-3.5,7.14° open,2.68° out-to-in,9.82° open,,,-0.2,4.1,0.5,4.2,0,0,8.8
82,2026-08-17T23:08:07.000Z,Push Slice,6 Iron,Default,163.5,167.2,18.3,17.6,10.0,36.1,6.4,83.8,117.9,1.4,2.38 R,20.4,49.7,6269,938 R,10.8,33.0,-3.4,2.46° open,1.65° out-to-in,4.11° open,,,0.5,7.3,6,6.2,3,0,22.5
83,2026-08-17T23:08:07.000Z,Huge Push Slice,6 Iron,Default,152.9,155.4,48.4,47.2,27.8,37.8,6.4,83.3,114.5,1.4,7.9 R,23.8,50.8,6775,3281 R,26.0,85.0,-1.4,9.72° open,3.22° out-to-in,12.94° open,,,-0.3,4.7,0,3.6,0,0,8.2
84,2026-08-17T23:08:07.000Z,Huge Slice,6 Iron,Default,148.7,151.2,29.9,29.2,17.4,30.4,5.9,81.3,110.1,1.4,5.1 R,20.3,47.3,6705,1875 R,15.9,53.0,-4.2,6.07° open,2.55° out-to-in,8.62° open,,,-0.1,4.2,1.4,4.4,0,0,10
85,2026-08-17T23:08:07.000Z,Push,6 Iron,Default,165.2,170.0,22.8,21.9,10.8,33.8,6.2,80.7,114.6,1.4,4.42 R,21.2,48.0,4831,938 R,9.1,28.0,-0.3,4.46° open,0.57° out-to-in,5.03° open,,,0.1,5.1,5.5,7.2,1.4,3,22.2
86,2026-08-17T23:08:07.000Z,Huge Slice,6 Iron,Default,133.6,161.4,38.7,28.5,21.3,7.3,3.8,85.6,117.0,1.4,3.25 R,4.0,20.0,5874,10000 R,20.9,78.0,-5.1,8.3° open,1.63° out-to-in,9.93° open,,,-0.2,6.6,0,3.6,0,0,10.2
87,2026-08-17T23:08:07.000Z,Huge Slice,6 Iron,Default,162.1,165.4,46.9,45.4,25.5,38.9,6.6,84.4,118.4,1.4,6.87 R,22.4,51.0,6323,2813 R,25.9,80.0,-1.2,8.33° open,3.44° out-to-in,11.77° open,,,-0.2,5.1,0,5.4,0,0,10.4
88,2026-08-17T23:08:07.000Z,Straight Fade,6 Iron,Default,156.5,159.1,16.1,15.6,11.8,40.0,6.6,84.7,117.1,1.4,0.41 L,23.5,52.4,7008,1563 R,16.7,53.0,-1.4,1.04° open,6° out-to-in,7.04° open,,,0.5,3.3,4,4,2.2,6,19.4
89,2026-08-17T23:08:07.000Z,Slice,6 Iron,Default,144.7,151.9,11.2,9.8,11.2,19.8,5.1,81.4,109.4,1.3,3.34 L,13.7,38.8,6387,1875 R,18.3,63.0,-5.4,1.19° closed,8.93° out-to-in,7.74° open,,,0.4,1.7,0.2,5.3,4.5,0,11.7
90,2026-08-17T23:08:07.000Z,Push,6 Iron,Default,169.0,172.7,15.7,15.2,8.3,37.9,6.7,86.8,123.0,1.4,2.05 R,19.4,50.8,6830,781 R,9.1,27.0,-4.1,2.04° open,1.6° out-to-in,3.64° open,,,0.3,8.7,7.9,6.1,3.8,3,29.4
91,2026-08-17T23:08:07.000Z,Baby Fade,6 Iron,Default,164.8,168.8,1.3,1.4,1.1,32.8,6.3,85.9,120.6,1.4,2.06 L,17.1,49.0,7087,313 R,4.5,14.0,-5.4,1.72° closed,3.25° out-to-in,1.53° open,,,0.9,8.7,6.4,6.9,10,10,42.1
92,2026-08-17T23:08:07.000Z,Huge Push Slice,6 Iron,Default,97.6,159.4,55.0,29.5,24.3,1.7,2.2,83.8,118.6,1.4,10.44 R,1.8,6.0,3418,10000 R,11.5,59.0,-5.2,14.65° open,0.05° out-to-in,14.7° open,,,-0.3,5.8,0,2.4,0,0,8.2
93,2026-08-17T23:08:07.000Z,Push Slice,6 Iron,Default,165.3,169.0,26.3,25.4,14.7,37.6,6.6,86.6,122.5,1.4,2.92 R,19.3,50.9,7298,1719 R,16.9,51.0,-4.9,3.68° open,3.54° out-to-in,7.22° open,,,0.4,5.7,4.2,5.9,0,0,15.8
94,2026-08-17T23:08:07.000Z,Push Slice,6 Iron,Default,155.3,159.4,19.9,19.2,10.9,29.7,6.0,84.0,115.4,1.4,3.26 R,17.5,47.8,7179,1250 R,10.3,33.0,-5.3,3.57° open,2.03° out-to-in,5.6° open,,,0.4,6.2,3.7,6.1,0,0,16
95,2026-08-17T23:08:07.000Z,Straight Draw,6 Iron,Default,168.6,172.9,7.6,7.3,-3.9,33.0,6.4,88.5,126.1,1.4,1.01 L,15.4,49.0,7122,469 L,4.3,13.0,-5.5,1.59° closed,0.33° in-to-out,1.92° closed,,,1.3,10,7.6,6.4,6.9,6,36.8
96,2026-08-17T23:08:07.000Z,Push Slice,6 Iron,Default,163.2,167.2,19.2,18.5,11.0,32.3,6.3,86.5,121.5,1.4,2.04 R,16.3,48.2,7265,1250 R,12.7,39.0,-5.5,2.29° open,2.9° out-to-in,5.19° open,,,0.5,6.8,5.9,7.1,1.4,0,21.2
97,2026-08-17T23:08:07.000Z,Push Slice,6 Iron,Default,166.0,171.4,26.7,25.5,13.1,30.1,6.1,83.5,118.3,1.4,4.51 R,17.0,45.9,6024,1250 R,12.4,37.0,-4.5,4.66° open,1.11° out-to-in,5.77° open,,,0.1,5.9,4.2,8.2,0,0,18.3
98,2026-08-17T23:08:07.000Z,Push Slice,6 Iron,Default,131.6,164.8,25.0,17.7,12.6,6.7,3.7,84.5,113.8,1.3,2.86 R,4.5,18.9,5681,10000 R,11.1,42.0,-5.1,7.85° open,1.76° out-to-in,9.61° open,,,0.4,6.1,0,3.4,0,0,9.6
99,2026-08-17T23:08:07.000Z,Straight Fade,6 Iron,Default,132.5,138.6,8.1,7.3,6.7,19.0,4.9,78.9,100.9,1.3,0.35 L,15.8,38.3,6599,938 R,8.2,31.0,-5.2,0.25° open,3.82° out-to-in,4.07° open,,,0.2,3.8,0,5.4,5.3,6,20.6
100,2026-08-17T23:08:07.000Z,Straight Fade,6 Iron,Default,142.6,145.2,15.3,14.8,11.1,27.1,5.7,81.1,107.7,1.3,0.78 R,19.2,46.0,7208,1406 R,12.8,45.0,-5.1,1.3° open,4.51° out-to-in,5.81° open,,,0.2,2.8,0,4.3,1.4,6,14.5
101,2026-08-17T23:08:07.000Z,Push Fade,6 Iron,Default,164.0,167.5,16.3,15.8,9.4,36.0,6.5,87.9,124.9,1.4,1.6 R,17.2,50.4,7402,938 R,11.2,34.0,-5.4,1.55° open,2.21° out-to-in,3.76° open,,,0.6,8.5,6.3,6.5,3.8,3,28.1
102,2026-08-17T23:08:07.000Z,Push Slice,6 Iron,Default,160.0,163.1,30.7,29.9,16.2,39.1,6.6,85.8,120.2,1.4,5.28 R,21.5,51.2,7342,1719 R,15.1,47.0,-4.0,5.87° open,1.77° out-to-in,7.64° open,,,-0.0,6.7,1.9,5,0,0,13.5
103,2026-08-17T23:08:07.000Z,Push Slice,6 Iron,Default,160.2,164.4,24.6,23.7,12.4,31.7,6.2,86.2,120.7,1.4,4.6 R,16.3,48.3,7262,1250 R,10.8,34.0,-5.5,4.75° open,1.07° out-to-in,5.82° open,,,0.4,6.9,4,7.1,0,0,18
104,2026-08-17T23:08:07.000Z,Push,9 Iron,Default,131.8,132.3,13.1,13.0,8.9,40.2,6.3,85.1,103.3,1.2,2.41 R,31.1,54.0,6754,938 R,7.5,28.0,-0.6,2.86° open,1.71° out-to-in,4.57° open,,,0.4,6.9,6.4,6.2,2.2,3,24.7
105,2026-08-17T23:08:07.000Z,Straight Fade,9 Iron,Default,138.8,139.7,12.9,12.7,9.8,42.3,6.4,87.4,103.2,1.2,0.77 R,33.2,54.3,5420,1250 R,10.9,39.0,-0.7,1.83° open,4.78° out-to-in,6.61° open,,,0.5,2.6,8.5,4,2.2,6,23.2
106,2026-08-17T23:08:07.000Z,Dead Straight,9 Iron,Default,131.1,132.5,0.4,0.3,0.5,29.4,5.6,76.1,99.4,1.3,0.17 L,25.0,48.9,6120,0,0.7,3.0,-1.2,0.48° closed,0.57° out-to-in,0.09° open,,,1.2,8.1,5.5,7.9,10,10,41.5
107,2026-08-17T23:08:07.000Z,Straight Fade,9 Iron,Default,121.9,132.1,2.1,1.6,2.6,14.4,4.3,78.6,98.0,1.2,1.12 L,13.7,33.7,6187,313 R,4.0,16.0,-5.5,0.9° closed,2.6° out-to-in,1.7° open,,,1.1,8.9,0,5.4,10,6,30.3
108,2026-08-17T23:08:07.000Z,Dead Straight,9 Iron,Default,132.9,133.5,2.0,2.0,1.4,36.3,6.0,81.0,101.1,1.2,0.27 R,29.1,51.7,6246,156 R,1.4,5.0,-0.5,0.02° closed,0.74° out-to-in,0.72° open,,,1.2,10,6.7,6.6,10,10,43.3
109,2026-08-17T23:08:07.000Z,Push Slice,9 Iron,Default,136.7,136.9,24.0,24.0,16.4,38.1,5.8,86.2,102.9,1.2,3.72 R,31.6,52.0,3604,1094 R,15.1,55.0,-0.1,4.22° open,1.24° out-to-in,5.46° open,,,-0.2,5.7,2.2,3.1,1.4,0,12.3
110,2026-08-17T23:08:07.000Z,Push,9 Iron,Default,128.8,129.4,12.2,12.1,7.2,36.3,6.1,80.2,101.2,1.3,3.51 R,29.1,52.1,7327,938 R,4.2,16.0,-0.5,3.87° open,1.05° out-to-in,4.92° open,,,0.7,7.7,4.3,6.4,0.6,3,22
111,2026-08-17T23:08:07.000Z,Push,9 Iron,Default,134.4,134.7,14.9,14.9,9.2,39.2,6.3,82.9,108.3,1.3,3.51 R,27.3,53.1,8669,1250 R,6.6,25.0,-4.1,4.05° open,1.9° out-to-in,5.95° open,,,0.1,6.8,7.5,5.1,0,3,22.4
112,2026-08-17T23:08:07.000Z,Slight Push,9 Iron,Default,138.0,138.8,1.0,1.0,-0.6,37.1,6.3,82.5,108.0,1.3,1.43 R,25.6,52.0,8470,312 L,2.4,9.0,-4.3,0.45° open,1.47° in-to-out,1.02° closed,,,2.4,9.9,10,6.1,10,6,42
113,2026-08-17T23:08:07.000Z,Push Slice,9 Iron,Default,116.8,117.3,14.2,14.1,10.6,32.2,5.7,77.1,92.0,1.2,3.26 R,31.4,51.1,6376,1250 R,7.5,32.0,-1.4,4.32° open,2.3° out-to-in,6.62° open,,,0.1,5.4,0,4.2,0.6,0,10.3
114,2026-08-17T23:08:07.000Z,Pull Hook,9 Iron,Default,130.6,131.0,18.2,18.1,-11.7,36.1,5.9,80.7,100.7,1.2,4.24 L,29.8,52.4,7136,1562 L,8.4,32.0,-0.5,6.01° closed,1.93° in-to-out,7.94° closed,,,-0.1,7,5,6.2,0,0,18.2
115,2026-08-17T23:08:07.000Z,Push,9 Iron,Default,134.1,133.6,11.2,11.2,5.6,41.6,6.2,87.2,103.6,1.2,3.98 R,32.8,54.1,6143,469 R,1.9,7.0,-0.9,3.77° open,0.63° in-to-out,3.14° open,,,0.5,6.9,7.7,5.2,3,3,25.7
116,2026-08-17T23:08:07.000Z,Huge Slice,9 Iron,Default,124.7,126.9,28.2,27.4,19.1,24.9,5.2,75.9,97.1,1.3,6.21 R,22.3,45.4,6985,2500 R,13.9,56.0,-3.5,7.97° open,3.49° out-to-in,11.46° open,,,-0.3,3.9,0,8.7,0,0,12.6
117,2026-08-17T23:08:07.000Z,Pull,9 Iron,Default,136.4,137.1,13.5,13.4,-7.5,36.7,6.2,81.4,106.7,1.3,3.77 L,26.2,51.7,8035,937 L,4.4,16.0,-2.0,4.39° closed,0.06° out-to-in,4.33° closed,,,0.5,8.3,8.2,6.7,0.6,3,26.7
118,2026-08-17T23:08:07.000Z,Huge Push Slice,9 Iron,Default,117.7,123.4,78.7,73.9,54.6,19.6,4.3,71.4,93.3,1.3,19.65 R,24.4,38.1,2517,10000 R,31.9,100.0,-0.0,12.58° open,3.83° out-to-in,16.41° open,,,-0.8,2,0,4.4,0,0,6.4
119,2026-08-17T23:08:07.000Z,Straight Draw,9 Iron,Default,135.6,135.8,1.9,1.9,-2.2,44.0,6.6,86.1,108.1,1.3,0.63 R,30.9,54.4,7278,469 L,3.4,13.0,-0.1,0.34° closed,1.53° in-to-out,1.87° closed,,,1.4,8.3,10,5.5,10,6,39.9
120,2026-08-17T23:08:07.000Z,Push Slice,9 Iron,Default,134.5,134.5,20.6,20.6,13.4,43.9,6.6,87.7,105.1,1.2,4.24 R,32.0,54.9,6676,1406 R,10.7,40.0,-0.8,5.07° open,1.96° out-to-in,7.03° open,,,-0.1,4.5,4.1,5.8,0,0,14.4
121,2026-08-17T23:08:07.000Z,Pull,9 Iron,Default,78.3,149.2,14.3,8.1,-5.1,0.8,1.7,82.5,114.5,1.4,6.73 L,1.1,3.5,3251,0,1.2,7.0,-5.7,6.61° closed,4.61° out-to-in,2° closed,,,0.0,7.9,0,0.5,0,3,11.4
122,2026-08-17T23:08:07.000Z,Push Slice,9 Iron,Default,126.6,127.3,19.6,19.4,12.5,34.7,6.0,79.3,100.0,1.3,5.11 R,28.3,52.7,7937,1563 R,8.1,32.0,-1.3,6.29° open,1.63° out-to-in,7.92° open,,,0.2,6.6,3,5.6,0,0,15.3
123,2026-08-17T23:08:07.000Z,Push Slice,9 Iron,Default,128.1,128.2,14.8,14.7,10.7,39.5,6.3,80.6,103.0,1.3,2.53 R,30.2,54.6,8391,1563 R,9.1,35.0,-3.0,3.73° open,4.16° out-to-in,7.89° open,,,0.3,5.3,4.1,4.6,0,0,14.1
124,2026-08-17T23:08:07.000Z,Push,9 Iron,Default,137.1,137.8,7.4,7.4,4.7,40.0,6.3,84.8,100.6,1.2,1.43 R,32.6,53.5,6024,625 R,3.9,14.0,-1.4,1.45° open,1.55° out-to-in,3° open,,,1.1,8.3,9.6,4.8,5.3,3,31
125,2026-08-17T23:08:07.000Z,Push,9 Iron,Default,130.8,131.1,10.5,10.4,7.1,34.9,6.1,81.3,103.5,1.3,2.03 R,26.3,52.2,8809,938 R,5.8,22.0,-4.6,2.33° open,2.06° out-to-in,4.39° open,,,0.5,8.2,5.6,5.8,2.2,3,24.8
126,2026-08-17T23:08:07.000Z,Nuclear Hook,9 Iron,Default,129.3,129.2,46.9,47.0,-43.6,32.3,5.1,93.0,110.2,1.2,0.94 R,32.2,58.5,2045,10000 L,49.1,100.0,2.0,7.45° closed,2.34° in-to-out,9.79° closed,,,-0.5,2.9,0,1.9,0,0,4.8
127,2026-08-17T23:08:07.000Z,Push Slice,9 Iron,Default,126.4,126.9,17.6,17.5,13.4,35.4,6.0,79.7,98.3,1.2,2.49 R,29.8,53.1,6653,1875 R,12.0,47.0,-0.6,4.01° open,5.49° out-to-in,9.5° open,,,0.2,4.2,3,6,0,0,13.2
128,2026-08-17T23:08:07.000Z,Baby Fade,Driver,Default,185.8,189.6,7.5,7.1,6.0,51.9,7.6,95.5,138.6,1.5,1.59 L,21.2,55.7,6938,781 R,12.3,33.0,-4.0,1.08° closed,3.94° out-to-in,2.86° open,,,0.5,5,6.1,3.4,7.7,10,32.2
129,2026-08-17T23:08:07.000Z,Baby Fade,Driver,Default,202.6,208.4,2.1,2.3,1.3,49.4,7.7,99.9,149.7,1.5,2.53 L,15.6,54.0,6554,234 R,6.7,17.0,-4.1,2.24° closed,2.26° out-to-in,0.02° open,,,1.0,8.5,7,6.1,10,10,41.6
130,2026-08-17T23:08:07.000Z,Huge Push Slice,Driver,Default,220.2,227.6,89.9,85.4,35.4,51.8,7.7,96.1,144.0,1.5,9.62 R,21.9,50.4,4162,3125 R,48.1,100.0,5.8,10.83° open,2.1° out-to-in,12.93° open,,,-0.3,4.2,2.9,3.7,0,0,10.8
131,2026-08-17T23:08:07.000Z,Straight Draw,Driver,Default,128.8,128.6,3.9,3.9,-3.1,54.0,7.2,92.2,113.4,1.2,0.38 L,35.2,59.9,8570,312 L,3.1,12.0,-2.5,1° closed,0.03° out-to-in,0.97° closed,,,0.0,6.4,4.4,0,8.4,6,25.2
132,2026-08-17T23:08:07.000Z,Huge Pull Hook,Driver,Default,227.3,242.2,83.6,76.6,-27.8,24.3,6.1,100.1,157.4,1.6,11.14 L,9.0,34.5,3727,10000 L,31.9,70.0,-5.3,14.1° closed,0.28° in-to-out,14.38° closed,,,-0.3,5.8,3.6,3.8,0,0,13.1
133,2026-08-17T23:08:07.000Z,Baby Fade,Driver,Default,188.3,193.6,9.4,8.6,8.3,33.1,6.7,93.0,140.6,1.5,3.08 L,10.6,49.8,5549,1094 R,18.8,50.0,-5.8,2.18° closed,4.74° out-to-in,2.56° open,,,0.6,4,6.2,2.9,7.3,10,30.4
134,2026-08-17T23:08:07.000Z,Straight Draw,Driver,Default,174.5,179.2,11.6,10.9,-7.5,30.1,6.3,88.3,129.9,1.5,0.29 R,12.8,48.4,5858,859 L,11.8,34.0,-5.4,0.69° closed,3° in-to-out,3.69° closed,,,0.4,4.1,5.6,3.4,6.1,6,25.1
135,2026-08-17T23:08:07.000Z,Huge Hook,Driver,Default,46.3,54.2,11.9,9.6,-17.1,0.4,0.8,85.9,125.2,1.5,6.73 L,0.0,1.8,1482,7500 L,4.1,45.0,-1.6,10.25° closed,0.58° out-to-in,9.67° closed,,,-0.4,3,2.9,0.8,0,0,6.7
136,2026-08-17T23:08:07.000Z,Push,Driver,Default,187.7,191.5,21.3,20.7,8.6,47.5,7.5,97.5,144.5,1.5,4.04 R,16.2,55.8,6707,313 R,7.4,20.0,-4.3,3.61° open,1.11° in-to-out,2.5° open,,,0.4,7.4,6.1,5.7,4.5,3,26.7
137,2026-08-17T23:08:07.000Z,Huge Pull Hook,Driver,Default,184.1,197.1,38.8,35.4,-14.8,21.4,5.5,91.2,139.2,1.5,7.25 L,6.4,43.3,4807,10000 L,12.0,33.0,-5.9,12.91° closed,0.58° out-to-in,12.33° closed,,,-0.0,3.3,5.5,1.1,0,0,9.8
138,2026-08-17T23:08:07.000Z,Baby Draw,Driver,Default,216.8,225.8,1.0,0.4,-4.3,33.9,6.9,95.4,145.7,1.5,4.05 R,12.7,43.8,4836,703 L,15.7,36.0,-3.8,2.95° open,4.92° in-to-out,1.97° closed,,,1.7,4.9,7.8,4.4,10,10,37.1
139,2026-08-17T23:08:07.000Z,Huge Slice,Driver,Default,198.2,203.4,42.2,40.3,20.5,45.1,7.4,98.8,148.9,1.5,2.91 R,14.0,53.6,6272,1719 R,30.2,76.0,-4.8,3.4° open,3.16° out-to-in,6.56° open,,,-0.0,4.4,6,5.4,0,0,15.8
140,2026-08-17T23:08:07.000Z,Underfade,Driver,Default,188.5,194.6,12.0,11.8,-1.1,28.4,6.4,93.1,142.2,1.5,6.08 L,7.8,47.2,5074,313 R,8.2,22.0,-6.0,5.57° closed,4.63° out-to-in,0.94° closed,,,0.6,4.5,6.2,1.9,6.1,6,24.7
141,2026-08-17T23:08:07.000Z,Huge Slice,Driver,Default,203.3,210.2,53.1,50.2,24.2,40.8,7.2,96.7,145.3,1.5,4.3 R,14.2,50.3,6049,2188 R,34.9,86.0,-5.0,4.82° open,3.42° out-to-in,8.24° open,,,-0.1,3.4,5.5,5,0,0,13.8
142,2026-08-17T23:08:07.000Z,Huge Hook,Driver,Default,192.1,197.6,33.8,31.9,-20.2,41.4,6.6,94.6,142.4,1.5,1.07 R,16.6,55.0,5130,2031 L,35.5,92.0,-0.9,0.67° closed,7.15° in-to-out,7.82° closed,,,0.0,0.8,6,5.6,0.6,0,13
143,2026-08-17T23:08:07.000Z,Straight Fade,Driver,Default,217.2,223.8,15.2,14.4,7.3,44.0,7.6,101.1,154.3,1.5,0.23 R,12.0,52.0,5930,625 R,13.5,31.0,-5.5,0.19° open,1.29° out-to-in,1.48° open,,,0.9,9.2,7.8,5,6.9,6,34.8
1,2026-08-16T19:47:02.000Z,Push,9 Iron,Default,109.2,119.9,13.4,12.0,7.6,13.7,4.0,73.4,91.2,1.2,4.97 R,16.2,32.8,5583,313 R,2.5,11.0,-5.1,4.54° open,1.97° in-to-out,2.57° open,,,0.2,6.6,0,4.9,0.6,3,15.1
2,2026-08-16T19:47:02.000Z,Huge Push,9 Iron,Default,19.1,23.8,4.5,3.7,10.9,3.8,1.6,40.6,33.0,0.8,11.05 R,38.9,41.7,1820,0,0.1,1.0,-4.7,11.53° open,3.28° in-to-out,8.25° open,,,-0.5,2,0,0,0,0,2
3,2026-08-16T19:47:02.000Z,Baby Draw,9 Iron,Default,96.8,118.3,2.8,2.7,0.2,10.2,3.3,64.2,83.2,1.3,3.03 R,17.6,26.2,3135,312 L,2.4,12.0,-0.6,2.19° open,3.18° in-to-out,0.99° closed,,,0.2,5.1,0,3.2,10,10,28.3
4,2026-08-16T19:47:02.000Z,Shank,9 Iron,Default,26.9,52.5,59.8,34.2,94.0,0.2,1.2,69.6,65.9,0.9,50.24 R,5.8,3.9,4541,10000 R,1.9,35.0,-4.0,16.48° open,14.27° out-to-in,30.75° open,,,-0.9,0.2,0,0.6,0,0,0.8
5,2026-08-16T19:47:02.000Z,Huge Push,9 Iron,Default,103.7,119.1,16.1,14.0,7.9,11.1,3.7,69.6,87.1,1.3,7.59 R,15.7,28.3,4666,0,0.2,1.0,-4.2,6.76° open,5.68° in-to-out,1.08° open,,,0.1,3.4,0,3.2,0,0,6.6
6,2026-08-16T19:47:02.000Z,Pull Hook,9 Iron,Default,96.6,136.6,26.9,16.9,-14.5,5.6,2.8,72.0,94.3,1.3,5.56 L,9.0,16.1,3102,10000 L,7.5,39.0,-3.1,13.38° closed,2.47° out-to-in,10.91° closed,,,-0.2,3.2,0,0.6,0,0,3.8
7,2026-08-16T19:47:02.000Z,Baby Draw,9 Iron,Default,148.8,159.8,5.6,5.4,0.9,18.0,4.9,79.9,109.9,1.4,3.29 R,13.0,33.8,5116,312 L,3.1,10.0,-5.4,2.52° open,3.18° in-to-out,0.66° closed,,,-0.1,9,5.6,3.8,7.7,10,36
8,2026-08-16T19:47:02.000Z,Slight Push,9 Iron,Default,144.5,153.5,3.8,3.7,1.2,19.4,4.9,77.5,105.9,1.4,1.74 R,15.9,35.3,4726,156 L,0.7,2.0,-3.4,1.09° open,1.23° in-to-out,0.14° closed,,,0.5,9,10,5.2,9.2,6,39.4
9,2026-08-16T19:47:02.000Z,Push,9 Iron,Default,132.8,141.3,16.3,15.1,8.3,19.0,4.7,74.4,99.7,1.3,4.71 R,17.9,36.5,4883,625 R,4.1,16.0,-2.5,4.61° open,0.79° in-to-out,3.82° open,,,0.0,6,6.9,5.9,2.2,3,24
10,2026-08-16T19:47:02.000Z,Slight Push,9 Iron,Default,136.3,155.7,2.6,2.5,0.2,13.3,4.2,78.8,107.1,1.4,1.93 R,10.7,30.2,4298,312 L,2.1,8.0,-5.0,1.09° open,2.21° in-to-out,1.12° closed,,,0.0,9.4,10,2.5,10,6,37.8
11,2026-08-16T19:47:02.000Z,Pull Hook,9 Iron,Default,121.3,151.6,30.7,22.6,-15.6,9.1,3.6,76.0,100.0,1.3,5.76 L,10.6,21.9,3629,10000 L,10.3,43.0,-3.7,13.49° closed,1.3° out-to-in,12.19° closed,,,-0.3,5.1,0.3,2,0,0,7.4
12,2026-08-16T19:47:02.000Z,Huge Push,9 Iron,Default,117.8,172.0,38.4,24.2,15.2,3.4,2.9,82.2,116.1,1.4,8.4 R,3.4,10.3,3482,10000 R,6.8,29.0,-5.4,12.9° open,0.24° out-to-in,13.14° open,,,-0.6,6.9,0,0.3,0,0,7.2
13,2026-08-16T19:47:02.000Z,Push,9 Iron,Default,139.2,143.4,21.8,21.0,10.4,23.2,5.3,78.9,105.5,1.3,6.88 R,18.2,41.7,6281,781 R,4.2,15.0,-4.8,6.86° open,1.89° in-to-out,4.97° open,,,-0.1,7.3,4.1,8.2,0,3,22.7
14,2026-08-16T19:47:02.000Z,Push,9 Iron,Default,164.1,169.9,13.0,12.4,6.0,30.7,6.0,86.3,122.5,1.4,2.67 R,16.0,44.0,6772,469 R,4.7,14.0,-5.4,2.47° open,0.23° out-to-in,2.7° open,,,-0.3,7.6,0,5.5,4.5,3,20.6
15,2026-08-16T19:47:02.000Z,Baby Draw,9 Iron,Default,120.8,138.7,1.8,0.9,-3.0,14.6,3.9,70.8,93.3,1.3,2.13 R,18.8,30.4,2388,469 L,5.4,22.0,0.0,1.13° open,2.87° in-to-out,1.74° closed,,,2.1,5.7,0,4,10,10,29.7
16,2026-08-16T19:47:02.000Z,Push,9 Iron,Default,90.5,118.8,8.4,6.5,3.9,8.9,2.9,66.7,82.1,1.2,4.24 R,18.0,24.2,1749,0,0.3,1.0,0.7,3.49° open,2.62° in-to-out,0.87° open,,,0.2,5.6,0,3.4,6.9,3,18.8
17,2026-08-16T19:47:02.000Z,Push Slice,9 Iron,Default,158.1,166.6,25.3,23.2,14.0,23.5,5.4,82.4,116.9,1.4,2.82 R,14.6,38.9,5721,1406 R,15.4,49.0,-5.1,3.22° open,2.87° out-to-in,6.09° open,,,-0.4,6.2,0,4.4,0,0,10.5
18,2026-08-16T19:47:02.000Z,Pull,9 Iron,Default,147.4,157.6,13.1,11.8,-7.2,17.9,4.9,81.8,112.4,1.4,1.95 L,11.8,35.3,5837,781 L,6.8,23.0,-5.3,2.69° closed,0.95° in-to-out,3.64° closed,,,-0.1,8.7,6.3,3.9,3,3,24.9
19,2026-08-16T19:47:02.000Z,Push,9 Iron,Default,133.7,139.7,17.3,16.3,9.1,20.0,4.9,77.3,101.7,1.3,4.86 R,17.5,37.8,5651,625 R,4.9,18.0,-4.3,4.75° open,0.93° in-to-out,3.82° open,,,0.0,7.5,6.6,7.1,1.4,3,25.6
20,2026-08-16T19:47:02.000Z,Slight Push,9 Iron,Default,154.1,161.8,6.8,6.5,2.0,24.3,5.4,80.2,112.3,1.4,2.85 R,16.6,40.4,5437,0,1.2,4.0,-4.6,2.38° open,1.41° in-to-out,0.97° open,,,-0.1,9.9,2.5,5.3,6.9,6,30.6
21,2026-08-16T19:47:02.000Z,Push,9 Iron,Default,155.6,170.8,25.1,22.2,11.0,17.2,4.8,80.8,115.0,1.4,5.3 R,11.9,33.1,4479,781 R,7.7,25.0,-4.8,5.49° open,0.29° in-to-out,5.2° open,,,-0.4,7.6,0.6,1.7,0.6,3,13.5
22,2026-08-16T19:47:02.000Z,Straight Draw,9 Iron,Default,153.0,161.5,3.8,3.4,-3.0,22.5,5.3,78.7,109.1,1.4,0.43 R,16.2,37.6,5043,469 L,4.5,15.0,-3.8,0.37° closed,1.55° in-to-out,1.92° closed,,,-0.1,9.5,3.2,5.2,8.4,6,32.4
23,2026-08-16T19:47:02.000Z,Push,9 Iron,Default,158.0,166.6,21.5,20.1,9.0,26.6,5.4,78.9,108.2,1.4,5.59 R,21.1,40.7,3407,313 R,4.6,15.0,0.4,5.25° open,2.39° in-to-out,2.86° open,,,-0.3,8.6,0,6.2,3.8,3,21.6
24,2026-08-16T19:47:02.000Z,Slight Push,9 Iron,Default,148.6,168.9,6.3,5.4,2.5,14.1,4.4,80.2,112.5,1.4,1.68 R,10.1,29.0,4156,156 R,1.1,4.0,-4.9,1.39° open,0.03° out-to-in,1.42° open,,,-0.3,9.9,5.8,1.1,7.7,6,30.5
25,2026-08-16T19:47:02.000Z,Top,7 Iron,Default,20.5,76.8,12.7,3.5,9.4,0.8,0.6,64.7,77.8,1.2,9.88 R,8.4,8.5,196,625 L,0.1,3.0,2.0,8.6° open,8° in-to-out,0.6° open,,,-0.2,3,0,1.1,0,0,4.1
26,2026-08-16T19:47:02.000Z,Push,7 Iron,Default,150.9,157.2,16.6,15.8,7.8,25.5,5.5,78.8,109.3,1.4,4.24 R,18.3,41.1,5328,469 R,4.6,15.0,-3.3,3.98° open,0.66° in-to-out,3.32° open,,,0.5,5.7,5.4,8.7,3,3,25.7
27,2026-08-16T19:47:02.000Z,Push Slice,7 Iron,Default,135.7,165.1,21.5,16.1,10.5,10.4,3.8,79.0,109.9,1.4,3.08 R,9.2,23.0,3481,938 R,8.8,32.0,-4.1,3.33° open,1.23° out-to-in,4.56° open,,,0.1,4.8,0.7,2.8,2.2,0,10.5
28,2026-08-16T19:47:02.000Z,Huge Push Slice,7 Iron,Default,141.9,145.0,30.0,29.2,16.0,27.6,5.6,80.3,108.7,1.4,7.6 R,20.9,43.6,6427,1406 R,10.2,36.0,-3.6,7.92° open,0.61° in-to-out,7.31° open,,,-0.2,4.1,1,6.3,0,0,11.4
29,2026-08-16T19:47:02.000Z,Baby Draw,7 Iron,Default,149.5,154.2,4.9,4.9,0.6,26.4,5.6,79.5,109.1,1.4,3.16 R,18.6,40.3,5874,312 L,3.4,11.0,-4.4,2.39° open,2.99° in-to-out,0.6° closed,,,0.6,6.1,4.8,8.2,7.7,10,36.8
30,2026-08-16T19:47:02.000Z,Dead Straight,7 Iron,Default,149.3,158.0,0.2,0.1,-0.2,22.1,5.1,78.5,109.5,1.4,0.12 R,15.9,37.0,4677,156 L,0.4,1.0,-3.3,0.37° closed,0.09° in-to-out,0.46° closed,,,0.8,6.6,4.7,7.4,10,10,38.7
31,2026-08-16T19:47:02.000Z,Slight Push,7 Iron,Default,160.1,165.9,6.0,5.9,1.1,31.7,6.0,82.3,116.0,1.4,3.12 R,19.6,44.3,5802,156 L,2.8,9.0,-3.1,2.58° open,2.13° in-to-out,0.45° open,,,1.4,7.9,10,9,7.7,6,40.5
32,2026-08-16T19:47:02.000Z,Top,7 Iron,Default,22.1,76.7,16.5,4.5,-12.7,0.9,0.7,63.6,76.2,1.2,10.6 L,8.9,9.6,50,313 R,0.4,8.0,1.7,9.72° closed,8.54° out-to-in,1.18° closed,,,-0.2,3,0,1.4,0,0,4.4
33,2026-08-16T19:47:02.000Z,Overdraw,7 Iron,Default,159.8,166.7,9.9,8.8,-9.1,28.8,5.8,81.8,115.3,1.4,2.77 R,17.9,44.0,5673,1250 L,16.5,52.0,-3.8,1.31° open,6.71° in-to-out,5.4° closed,,,1.2,2.2,8.1,9.7,6.9,6,32.9
34,2026-08-16T19:47:02.000Z,Baby Draw,7 Iron,Default,143.1,148.8,0.6,0.2,-4.1,22.6,5.2,77.1,104.7,1.4,3.96 R,18.3,39.5,5293,937 L,10.1,35.0,-3.2,2.49° open,6.41° in-to-out,3.92° closed,,,0.5,1.9,2.7,8,10,10,32.6
35,2026-08-16T19:47:02.000Z,Push,7 Iron,Default,152.6,161.2,11.6,11.0,3.8,21.9,5.2,80.0,112.4,1.4,4.43 R,15.2,38.6,5102,0,0.8,3.0,-4.6,3.72° open,2.61° in-to-out,1.11° open,,,0.7,6.6,5.8,8.2,5.3,3,28.9
36,2026-08-16T19:47:02.000Z,Huge Push Slice,7 Iron,Default,147.0,154.9,31.7,29.6,15.2,20.6,5.1,80.6,111.0,1.4,7.92 R,14.7,38.1,5770,1094 R,9.2,31.0,-5.2,8.07° open,1.45° in-to-out,6.62° open,,,-0.1,4.3,1.1,7.8,0,0,13.2
37,2026-08-16T19:47:02.000Z,Baby Draw,7 Iron,Default,144.1,151.7,0.6,0.7,-1.0,21.7,5.0,76.1,104.1,1.4,1.57 R,18.1,38.2,4591,312 L,3.2,11.0,-1.9,0.72° open,1.75° in-to-out,1.03° closed,,,0.5,6.2,3,7.1,10,10,36.3
38,2026-08-16T19:47:02.000Z,Huge Push,7 Iron,Default,120.4,139.4,37.6,31.5,18.6,10.2,3.8,79.0,102.3,1.3,11.48 R,10.4,25.4,5038,10000 R,7.1,29.0,-5.3,14.39° open,0.15° in-to-out,14.24° open,,,-0.3,3.7,0,4.8,0,0,8.5
39,2026-08-16T19:47:02.000Z,Top,7 Iron,Default,19.3,84.2,9.8,2.3,6.6,0.6,0.5,71.2,87.4,1.2,7.09 R,7.0,7.3,442,625 L,0.1,2.0,3.4,6.16° open,6.95° in-to-out,0.79° closed,,,-0.2,3,0,0.5,10,0,13.5
40,2026-08-16T19:47:02.000Z,Pull,7 Iron,Default,90.0,138.6,17.0,9.7,-8.6,4.4,2.4,72.2,95.4,1.3,3.8 L,8.4,13.4,2775,5000 L,3.7,21.0,-2.4,7.89° closed,0.03° in-to-out,7.92° closed,,,0.2,3,0,1.2,0,3,7.2
41,2026-08-16T19:47:02.000Z,Shank,7 Iron,Default,16.4,62.1,25.4,6.6,24.2,0.5,0.6,52.4,64.0,1.2,21.74 R,7.7,7.5,1093,0,0.1,3.0,2.7,14.29° open,7.05° in-to-out,7.24° open,,,-0.3,0,0,0.8,0,0,0.8
42,2026-08-16T19:47:02.000Z,Pull,7 Iron,Default,98.1,123.2,15.5,11.2,-9.7,8.7,3.3,65.9,85.3,1.3,3.36 L,14.6,23.4,3467,937 L,5.4,28.0,-0.9,3.98° closed,1.1° in-to-out,5.08° closed,,,0.0,3.7,0,4.1,2.2,3,12.9
43,2026-08-16T19:47:02.000Z,Shank,7 Iron,Default,61.5,125.8,95.0,45.1,51.0,1.3,1.5,77.4,100.9,1.3,33.65 R,3.9,6.0,2797,10000 R,4.1,34.0,-4.3,22.89° open,2.45° out-to-in,25.34° open,,,-0.7,3.1,0,0.2,0,0,3.2
44,2026-08-16T19:47:02.000Z,Baby Draw,7 Iron,Default,144.5,150.6,1.8,1.5,-3.2,22.8,5.1,76.8,105.7,1.4,2.05 R,18.0,38.9,4695,625 L,6.7,23.0,-2.0,0.97° open,3.46° in-to-out,2.49° closed,,,0.5,4.8,3.2,7.5,10,10,35.5
45,2026-08-16T19:47:02.000Z,Huge Hook,7 Iron,Default,114.7,140.0,39.8,29.5,-23.8,10.5,3.6,71.8,95.2,1.3,5.88 L,13.2,24.5,3542,10000 L,17.7,77.0,-2.1,13.94° closed,1.2° out-to-in,12.74° closed,,,-0.3,3,0,3.6,0,0,6.6
46,2026-08-16T19:47:02.000Z,Push,7 Iron,Default,149.4,154.0,11.2,10.9,3.7,27.2,5.7,80.1,109.9,1.4,4.61 R,19.0,43.8,6040,0,1.2,4.0,-4.4,3.86° open,2.72° in-to-out,1.14° open,,,0.5,6.5,4.8,8,4.5,3,26.8
47,2026-08-16T19:47:02.000Z,Push,7 Iron,Default,132.3,139.4,24.0,22.4,12.8,15.4,4.5,79.4,105.6,1.3,6.63 R,13.2,33.6,5543,938 R,7.0,27.0,-5.3,6.79° open,0.94° in-to-out,5.85° open,,,0.1,4,0,6.5,0,3,13.5
48,2026-08-16T19:47:02.000Z,Shank,7 Iron,Default,27.0,68.3,29.8,11.6,-26.1,1.6,0.9,61.6,72.5,1.2,22.92 L,12.4,14.1,50,938 R,0.2,5.0,0.3,20.35° closed,12.05° out-to-in,8.3° closed,,,-0.7,0,0,2.8,0,0,2.8
49,2026-08-16T19:47:02.000Z,Huge Push,7 Iron,Default,135.3,137.5,31.6,30.9,16.4,25.4,5.4,81.9,107.3,1.3,9.81 R,19.2,45.3,7785,1563 R,7.5,28.0,-5.4,10.03° open,1.57° in-to-out,8.46° open,,,-0.3,4.8,0.3,5.2,0,0,10.2
50,2026-08-16T19:47:02.000Z,Underdraw,7 Iron,Default,132.6,142.7,7.9,7.6,1.7,17.2,4.5,76.4,101.7,1.3,4.88 R,15.3,35.5,4619,312 L,3.7,14.0,-3.3,3.76° open,4.77° in-to-out,1.01° closed,,,0.3,4.2,0,6.2,6.1,6,22.4
51,2026-08-16T19:47:02.000Z,Push,7 Iron,Default,150.4,155.7,14.3,13.8,5.5,26.1,5.6,81.3,111.6,1.4,5.01 R,17.3,43.5,6417,0,0.6,2.0,-5.0,4.26° open,3.09° in-to-out,1.17° open,,,0.5,6.7,5.2,8,4.5,3,27.4
52,2026-08-16T19:47:02.000Z,Push,7 Iron,Default,144.3,147.7,20.0,19.5,8.9,27.1,5.6,81.6,109.4,1.3,6.54 R,18.8,44.5,7074,625 R,2.9,10.0,-5.0,6.31° open,2.09° in-to-out,4.22° open,,,0.3,5.9,3.4,6.2,0,3,18.5
53,2026-08-16T19:47:02.000Z,Underdraw,7 Iron,Default,155.7,161.3,9.8,9.6,2.0,29.0,5.8,81.3,113.3,1.4,5 R,18.8,44.8,5911,312 L,4.0,13.0,-4.2,3.96° open,4.67° in-to-out,0.71° closed,,,0.7,5.5,6.8,8.9,6.1,6,33.3
54,2026-08-16T19:47:02.000Z,Baby Draw,7 Iron,Default,158.4,165.9,1.1,0.8,-2.7,26.0,5.7,82.0,114.8,1.4,2.13 R,15.5,41.8,5982,625 L,6.7,21.0,-5.1,1.18° open,3.26° in-to-out,2.08° closed,,,1.7,6.8,7.5,8.5,10,10,42.8
55,2026-08-16T19:47:02.000Z,Baby Draw,7 Iron,Default,116.2,132.5,2.9,1.7,-4.2,11.6,3.9,71.5,91.9,1.3,2.5 R,14.8,27.3,4441,937 L,6.8,29.0,-3.7,0.98° open,5.61° in-to-out,4.63° closed,,,0.2,1.3,0,5.5,10,10,26.9
56,2026-08-16T19:47:02.000Z,Push,7 Iron,Default,150.2,154.6,19.8,19.2,8.2,26.9,5.7,84.4,115.3,1.4,6.44 R,15.5,43.5,7415,625 R,2.3,7.0,-5.5,6.27° open,1.84° in-to-out,4.43° open,,,0.4,7.1,4.7,6.4,0,3,21.2
57,2026-08-16T19:47:02.000Z,Push,7 Iron,Default,173.7,180.0,13.6,13.1,4.3,30.9,6.1,82.9,120.5,1.5,4.34 R,17.8,44.1,4859,0,0.1,0.0,-1.6,3.64° open,2.36° in-to-out,1.28° open,,,0.9,8,9.1,9.3,6.1,3,35.5
58,2026-08-16T19:47:02.000Z,Baby Draw,7 Iron,Default,167.7,174.1,3.1,2.6,-4.4,29.8,6.0,83.2,119.1,1.4,2.64 R,17.0,44.2,5500,625 L,10.3,31.0,-3.5,1.82° open,3.67° in-to-out,1.85° closed,,,1.6,7.1,10,9.6,10,10,46.8
59,2026-08-16T19:47:02.000Z,Underdraw,7 Iron,Default,155.7,160.6,9.4,9.3,2.0,29.4,5.8,84.1,117.5,1.4,4.78 R,16.9,45.5,6713,312 L,3.8,12.0,-5.2,3.75° open,4.31° in-to-out,0.56° closed,,,0.7,7.1,6.8,8,6.1,6,34
60,2026-08-16T19:47:02.000Z,Straight Draw,7 Iron,Default,173.3,179.5,5.4,4.9,-4.3,31.9,6.2,85.2,122.9,1.4,1.04 R,16.6,45.4,5815,625 L,8.1,23.0,-4.0,0.14° closed,2.35° in-to-out,2.49° closed,,,1.2,8.7,10,8.8,8.4,6,41.9
61,2026-08-16T19:47:02.000Z,Baby Draw,7 Iron,Default,131.6,140.0,0.4,1.0,-3.4,18.4,4.6,74.3,100.0,1.3,4.21 R,16.8,37.0,4543,937 L,8.7,33.0,-2.4,2.66° open,6.7° in-to-out,4.04° closed,,,0.3,1.6,0,6.6,10,10,28.1
62,2026-08-16T19:47:02.000Z,Huge Push Slice,7 Iron,Default,152.6,157.6,34.5,33.0,17.3,27.1,5.7,81.4,112.7,1.4,7.58 R,18.3,44.5,6123,1563 R,12.7,42.0,-4.5,7.92° open,0.16° in-to-out,7.76° open,,,-0.2,4.6,0,8.7,0,0,13.2
63,2026-08-16T19:47:02.000Z,Push,7 Iron,Default,139.2,144.0,9.5,9.2,4.2,22.5,5.1,78.7,106.1,1.3,3.32 R,17.3,41.5,5882,156 R,1.1,4.0,-4.8,2.91° open,1.23° in-to-out,1.68° open,,,0.3,6.6,1.6,8,5.3,3,24.6
64,2026-08-16T19:47:02.000Z,Underdraw,7 Iron,Default,170.2,176.7,8.5,8.3,1.6,30.2,6.0,83.7,120.2,1.4,4 R,16.6,44.3,5626,156 L,3.6,11.0,-3.8,3.26° open,2.78° in-to-out,0.48° open,,,1.2,8.1,10,9.4,6.9,6,40.3
65,2026-08-16T19:47:02.000Z,Baby Draw,7 Iron,Default,155.0,160.3,0.4,0.6,-1.8,27.9,5.7,84.0,116.9,1.4,2.26 R,16.1,44.5,6800,625 L,5.5,18.0,-5.3,1.34° open,3.33° in-to-out,1.99° closed,,,1.3,7.8,6.4,7.5,10,10,41.7
66,2026-08-16T19:47:02.000Z,Pull Hook,7 Iron,Default,167.6,190.0,23.0,18.6,-11.2,15.0,4.8,82.9,121.4,1.5,1.56 L,8.6,28.7,4074,10000 L,14.1,42.0,-3.9,14.16° closed,0.1° out-to-in,14.06° closed,,,-0.1,5.3,7.4,4,0,0,16.7
67,2026-08-16T19:47:02.000Z,Baby Draw,7 Iron,Default,148.8,154.2,6.5,6.5,0.1,25.4,5.5,80.7,111.0,1.4,4.85 R,17.3,42.4,6105,469 L,6.2,21.0,-4.9,3.67° open,5.2° in-to-out,1.53° closed,,,0.6,4.9,4.6,8.4,6.9,10,34.8
68,2026-08-16T19:47:02.000Z,Straight Draw,5 Iron,Default,126.4,149.5,7.9,5.7,-5.5,12.5,3.9,73.5,99.7,1.4,0.38 R,13.5,26.9,3340,625 L,6.5,26.0,-1.5,0.69° closed,2.22° in-to-out,2.91° closed,,,0.3,5.2,0,4.9,7.7,6,23.8
69,2026-08-16T19:47:02.000Z,Push,5 Iron,Default,121.6,141.8,15.1,13.0,6.2,10.9,3.9,75.9,97.5,1.3,6.07 R,12.4,25.9,4341,0,0.1,0.0,-4.4,5.44° open,4.19° in-to-out,1.25° open,,,0.2,4.5,0,6.4,2.2,3,16.1
70,2026-08-16T19:47:02.000Z,Baby Draw,5 Iron,Default,143.8,162.4,5.6,3.9,-5.0,13.5,4.4,78.7,107.8,1.4,1.91 R,11.3,28.3,4238,781 L,8.7,30.0,-4.8,0.58° open,4.4° in-to-out,3.82° closed,,,0.5,3.4,0,5.9,8.4,10,27.8
71,2026-08-16T19:47:02.000Z,Baby Draw,5 Iron,Default,171.4,189.5,2.7,1.9,-2.5,17.7,5.0,83.6,123.6,1.5,1.29 R,9.5,33.2,4204,312 L,5.7,17.0,-3.9,0.43° open,1.55° in-to-out,1.12° closed,,,2.3,8.5,5.3,7,10,10,40.8
72,2026-08-16T19:47:02.000Z,Huge Push Slice,5 Iron,Default,157.6,164.9,42.1,39.6,20.1,23.5,5.5,84.3,120.0,1.4,8.82 R,13.6,41.4,6173,1563 R,15.1,48.0,-5.3,9.14° open,0.58° in-to-out,8.56° open,,,-0.1,5.8,0,6.3,0,0,12.2
73,2026-08-16T19:47:02.000Z,Huge Slice,5 Iron,Default,129.8,141.2,33.6,29.7,20.0,14.5,4.3,78.6,104.3,1.3,6.34 R,13.3,32.4,5281,1875 R,15.3,59.0,-5.3,7.15° open,1.58° out-to-in,8.73° open,,,-0.3,3.6,0,6.3,0,0,9.9
74,2026-08-16T19:47:02.000Z,Straight Draw,5 Iron,Default,156.8,189.0,4.6,3.2,-2.5,11.4,4.2,83.2,122.7,1.5,0.23 R,6.4,25.5,3564,312 L,3.8,12.0,-3.7,0.45° closed,0.98° in-to-out,1.43° closed,,,1.8,8.3,0.7,4.3,10,6,29.3
75,2026-08-16T19:47:02.000Z,Push,5 Iron,Default,145.7,160.1,14.8,13.4,5.4,15.3,4.5,80.5,111.4,1.4,5.11 R,10.6,30.7,4733,156 R,0.4,1.0,-5.3,4.71° open,2.57° in-to-out,2.14° open,,,0.4,6.6,0,6.3,3.8,3,19.6
76,2026-08-16T19:47:02.000Z,Push,5 Iron,Default,183.0,192.5,26.4,24.6,10.9,26.0,5.9,85.3,126.7,1.5,4.52 R,13.8,39.3,4678,781 R,10.1,28.0,-3.1,4.47° open,0.34° out-to-in,4.81° open,,,0.2,7.2,5.6,9.1,2.2,3,27.1
77,2026-08-16T19:47:02.000Z,Pull Hook,5 Iron,Default,183.8,199.4,33.3,29.1,-15.6,20.1,5.5,85.5,128.0,1.5,2.58 L,10.1,33.7,4384,10000 L,20.8,57.0,-4.2,13.92° closed,0.31° out-to-in,13.61° closed,,,0.0,6.4,3.7,7.2,0,0,17.3
78,2026-08-16T19:47:02.000Z,Slight Push,5 Iron,Default,177.5,196.1,9.1,8.1,2.9,16.6,5.1,84.5,126.0,1.5,2.34 R,8.8,30.3,4142,156 R,0.9,2.0,-4.1,1.99° open,0.43° in-to-out,1.56° open,,,1.0,8.9,7.3,6.5,6.9,6,35.6
79,2026-08-16T19:47:02.000Z,Push,5 Iron,Default,171.0,182.8,31.1,28.5,12.5,21.7,5.3,82.0,120.8,1.5,6.63 R,13.8,35.9,4020,625 R,8.6,25.0,-2.0,6.45° open,1.85° in-to-out,4.6° open,,,0.1,5.8,3.1,8.2,1.4,3,21.5
80,2026-08-16T19:47:02.000Z,Top,5 Iron,Default,19.0,102.3,15.3,2.9,8.6,0.4,0.4,75.8,102.9,1.4,8.61 R,4.6,4.7,808,625 L,0.0,0.0,3.4,7.72° open,7.52° in-to-out,0.2° open,,,-0.0,3.2,0,0.4,10,0,13.6
81,2026-08-16T19:47:02.000Z,Underdraw,5 Iron,Default,183.5,198.1,9.5,9.1,1.5,23.8,5.5,83.9,126.0,1.5,4.2 R,13.0,38.6,3679,156 L,4.4,12.0,-2.0,3.48° open,2.91° in-to-out,0.57° open,,,0.9,7.9,9.8,7.3,7.7,6,38.7
82,2026-08-16T19:47:02.000Z,Straight Hook,5 Iron,Default,170.0,185.9,24.4,20.8,-13.1,18.6,5.1,82.2,120.0,1.5,0.98 L,11.3,32.3,4238,10000 L,17.9,53.0,-3.7,13.93° closed,0.17° in-to-out,14.1° closed,,,0.2,4.8,5.1,7.5,0,3,20.4
83,2026-08-16T19:47:02.000Z,Slight Push,5 Iron,Default,180.2,189.5,6.0,5.8,1.6,25.9,5.9,84.2,123.7,1.5,2.08 R,13.2,40.0,4935,0,0.8,2.0,-4.0,1.52° open,0.9° in-to-out,0.62° open,,,1.6,8.8,10,8.8,7.7,6,41.3
84,2026-08-16T19:47:02.000Z,Push,5 Iron,Default,139.9,155.6,8.9,7.7,4.7,15.2,4.4,79.5,109.4,1.4,1.63 R,11.5,32.5,4499,313 R,3.7,13.0,-5.0,1.41° open,0.59° out-to-in,2° open,,,0.4,6.8,0,6.4,6.9,3,23.1
85,2026-08-16T19:47:02.000Z,Slight Push,5 Iron,Default,179.3,190.0,5.1,4.9,0.8,24.6,5.6,82.4,121.9,1.5,2.37 R,14.2,38.6,4028,78 L,2.5,7.0,-2.0,1.78° open,1.37° in-to-out,0.41° open,,,1.8,7.9,7.8,8.5,8.1,6,38.3
86,2026-08-16T19:47:02.000Z,Slight Pull,5 Iron,Default,141.9,162.2,7.6,6.4,-3.4,14.6,4.3,78.2,107.7,1.4,1.74 L,11.6,29.5,3907,312 L,2.1,7.0,-3.8,2.06° closed,0.74° out-to-in,1.32° closed,,,0.5,6.5,0,5.4,6.9,6,24.8
87,2026-08-16T19:47:02.000Z,Shank,5 Iron,Default,99.5,124.9,53.3,40.4,30.3,8.3,3.2,71.3,92.2,1.3,16.51 R,12.5,23.8,3806,10000 R,10.9,55.0,-3.5,16.03° open,0.27° out-to-in,16.3° open,,,-0.4,3,0,5.4,0,0,8.5
88,2026-08-16T19:47:02.000Z,Push,5 Iron,Default,185.3,197.4,18.5,16.9,7.8,23.0,5.6,83.9,125.4,1.5,2.6 R,12.6,36.3,4039,625 R,8.5,23.0,-2.2,2.51° open,0.91° out-to-in,3.42° open,,,0.4,7.6,8.5,8,4.5,3,31.6
89,2026-08-16T19:47:02.000Z,Huge Push Slice,5 Iron,Default,142.6,185.6,51.7,36.1,21.1,6.3,3.5,84.4,124.8,1.5,8 R,4.8,15.5,3409,10000 R,16.1,56.0,-3.8,12.24° open,0.5° out-to-in,12.74° open,,,-0.2,5.9,0,3.4,0,0,9.2
90,2026-08-16T19:47:02.000Z,Push,5 Iron,Default,171.7,179.8,10.1,9.7,3.5,25.8,5.8,85.5,123.8,1.4,2.99 R,13.0,41.3,5769,0,0.7,2.0,-5.3,2.59° open,1.54° in-to-out,1.05° open,,,0.9,9.3,5.5,7.1,6.9,3,31.8
91,2026-08-16T19:47:02.000Z,Huge Push Slice,5 Iron,Default,172.9,182.5,54.0,49.9,25.1,22.8,5.5,85.3,126.0,1.5,8.16 R,12.5,37.9,4999,2188 R,25.1,73.0,-4.3,8.7° open,0.93° out-to-in,9.63° open,,,-0.2,6.3,0,8.4,0,0,14.7
92,2026-08-16T19:47:02.000Z,Pull Hook,5 Iron,Default,190.0,202.8,27.2,24.6,-12.0,23.7,5.7,84.5,126.8,1.5,2.83 L,12.5,35.6,3957,1094 L,15.2,40.0,-2.2,3.35° closed,1.78° in-to-out,5.13° closed,,,0.1,6.6,5.9,7.7,2.2,0,22.3
93,2026-08-16T19:47:02.000Z,Push,5 Iron,Default,176.9,186.4,27.9,26.0,11.5,24.6,5.7,86.1,126.9,1.5,5.33 R,11.9,39.9,5219,781 R,9.4,27.0,-5.0,5.37° open,0.27° in-to-out,5.1° open,,,0.2,7.2,4.7,7.7,1.4,3,24
94,2026-08-16T19:47:02.000Z,Push,5 Iron,Default,174.4,183.9,16.3,15.2,6.5,24.4,5.7,84.5,123.7,1.5,3.45 R,12.7,39.1,5136,469 R,4.7,13.0,-4.6,3.32° open,0.19° in-to-out,3.13° open,,,0.4,8.1,6.5,8.3,4.5,3,30.4
95,2026-08-16T19:47:02.000Z,Push,5 Iron,Default,181.0,188.9,14.7,14.0,4.9,28.3,5.9,84.4,124.5,1.5,3.93 R,14.8,41.2,4673,156 R,1.6,4.0,-2.2,3.44° open,1.54° in-to-out,1.9° open,,,0.8,8.8,8.4,9.6,5.7,3,35.6
96,2026-08-16T19:47:02.000Z,Push,5 Iron,Default,176.2,182.3,25.1,23.9,11.1,33.0,6.3,88.4,128.4,1.5,4.48 R,15.4,44.3,6384,938 R,10.1,29.0,-5.3,4.45° open,0.65° out-to-in,5.1° open,,,0.2,7.7,5.5,6.9,0.6,3,23.7
97,2026-08-16T19:47:02.000Z,Push,5 Iron,Default,193.0,202.5,18.8,17.5,7.8,31.0,6.3,87.5,131.0,1.5,2.6 R,14.7,42.3,4630,469 R,8.8,23.0,-2.6,2.4° open,0.26° out-to-in,2.66° open,,,0.3,9.4,8.5,8.9,5.3,3,35.1
98,2026-08-16T19:47:02.000Z,Push,5 Iron,Default,191.6,202.1,12.9,12.1,4.7,26.9,6.0,87.1,130.6,1.5,2.56 R,12.4,39.2,4646,313 R,3.5,9.0,-3.8,2.31° open,0.11° in-to-out,2.2° open,,,0.4,9.7,9.5,8,6.1,3,36.3
1,2026-08-14T22:55:44.000Z,Pull Hook,Driver,Default,142.7,146.1,25.7,24.9,-14.0,25.8,5.5,81.0,108.5,1.3,5.96 L,18.4,44.9,6947,1406 L,10.0,35.0,-5.1,7.12° closed,0.02° in-to-out,7.14° closed,,,0.1,3,4.4,4.3,0,0,11.7
2,2026-08-14T22:55:44.000Z,Push Slice,Driver,Default,124.5,124.5,17.8,17.8,13.5,26.8,5.2,72.3,93.2,1.3,2.95 R,26.8,45.7,5187,1563 R,11.4,46.0,-0.4,4.3° open,3.71° out-to-in,8.01° open,,,0.0,1.7,4,0.8,0,0,6.5
3,2026-08-14T22:55:44.000Z,Pull,Driver,Default,42.6,58.8,3.2,2.3,-3.4,0.4,1.1,78.5,94.1,1.2,2.7 L,1.9,2.6,3950,625 R,0.2,3.0,-4.1,1.72° closed,4.15° out-to-in,2.43° open,,,-0.3,4.1,3,0,10,3,20.1
4,2026-08-14T22:55:44.000Z,Baby Fade,Driver,Default,129.1,142.1,1.9,1.3,2.5,12.8,4.3,81.2,104.4,1.3,1.34 L,10.1,31.3,6088,313 R,4.3,17.0,-5.6,1.15° closed,2.8° out-to-in,1.65° open,,,0.1,5.4,4.4,2.3,10,10,32.1
5,2026-08-14T22:55:44.000Z,Push,9 Iron,Default,82.3,88.9,5.7,5.1,4.8,13.8,3.7,61.6,70.8,1.1,2.29 R,26.1,38.7,6500,625 R,1.8,11.0,-1.4,2.34° open,1.06° out-to-in,3.4° open,,,-0.2,5,0,6.2,3.8,3,17.9
6,2026-08-14T22:55:44.000Z,Huge Slice,9 Iron,Default,119.6,120.6,13.1,12.9,12.6,28.4,5.1,73.1,90.4,1.2,0.23 L,30.3,47.9,4153,1563 R,13.4,56.0,-2.1,1.94° open,6.68° out-to-in,8.62° open,,,0.2,0.8,0,2,2.2,0,5
7,2026-08-14T22:55:44.000Z,Baby Fade,9 Iron,Default,114.0,114.9,2.8,2.8,4.1,27.5,5.0,72.1,88.1,1.2,1.36 L,30.8,48.7,4298,625 R,5.5,24.0,-2.1,0.58° closed,3.78° out-to-in,3.2° open,,,0.2,4.3,0,1.8,10,10,26.1
8,2026-08-14T22:55:44.000Z,Huge Hook,9 Iron,Default,119.1,121.7,25.4,24.6,-17.4,22.6,5.0,76.4,95.5,1.3,6.37 L,21.8,45.0,7279,2187 L,11.3,47.0,-4.2,9.07° closed,2.53° in-to-out,11.6° closed,,,0.0,4.9,0,8.3,0,0,13.1
9,2026-08-14T22:55:44.000Z,Push Slice,9 Iron,Default,135.7,141.4,20.8,19.5,13.1,19.0,4.9,78.9,103.9,1.3,3.41 R,15.1,39.0,5967,1563 R,11.4,42.0,-5.2,4.14° open,2.93° out-to-in,7.07° open,,,-0.1,5.8,4.8,6.6,0,0,17.2
10,2026-08-14T22:55:44.000Z,Slight Push,9 Iron,Default,141.6,140.4,5.8,5.8,1.6,32.3,5.6,78.6,102.1,1.3,3.1 R,26.3,49.0,4791,0,1.8,6.0,0.1,2.6° open,1.6° in-to-out,1° open,,,1.3,9.4,10,5.9,6.9,6,38.2
11,2026-08-14T22:55:44.000Z,Shank,9 Iron,Default,109.3,142.1,83.3,60.1,44.4,7.0,3.2,78.6,103.7,1.3,19.73 R,8.5,19.6,3942,10000 R,20.9,95.0,-5.3,19.02° open,0.03° out-to-in,19.05° open,,,-0.8,6.4,0,2.2,0,0,8.6
12,2026-08-14T22:55:44.000Z,Dead Straight,9 Iron,Default,120.8,123.3,2.0,1.9,1.9,23.4,5.1,76.2,95.1,1.2,0.07 L,22.1,45.1,7375,0,2.1,9.0,-4.1,0.42° closed,0.56° out-to-in,0.14° open,,,0.4,8.2,0,8.1,10,10,36.3
13,2026-08-14T22:55:44.000Z,Push Fade,9 Iron,Default,139.8,143.8,13.3,12.7,8.6,22.3,5.2,79.8,105.9,1.3,1.8 R,16.7,41.7,6492,938 R,8.3,30.0,-5.1,1.96° open,2.41° out-to-in,4.37° open,,,0.5,7.7,8.5,7.7,3,3,29.9
14,2026-08-14T22:55:44.000Z,Push,9 Iron,Default,116.6,115.4,7.5,7.6,3.6,27.0,5.0,71.6,87.7,1.2,3.83 R,30.7,46.6,4185,313 R,0.2,1.0,-2.1,3.52° open,1.26° in-to-out,2.26° open,,,0.1,6.2,0,1.7,5.3,3,16.3
15,2026-08-14T22:55:44.000Z,Top,9 Iron,Default,37.5,76.3,9.2,4.4,7.1,2.8,1.1,68.4,84.0,1.2,6.17 R,16.1,17.6,50,312 L,0.3,4.0,-0.5,4.96° open,6.2° in-to-out,1.24° closed,,,-0.3,3.1,0,2.5,8.4,0,14.1
16,2026-08-14T22:55:44.000Z,Huge Push Slice,9 Iron,Default,95.1,96.8,19.6,19.1,15.8,21.4,4.5,68.2,76.3,1.1,7.22 R,32.0,46.4,5649,2188 R,7.1,37.0,-2.0,9.28° open,2.07° out-to-in,11.35° open,,,-0.2,3,0,2.8,0,0,5.9
17,2026-08-14T22:55:44.000Z,Top,9 Iron,Default,19.5,87.9,27.6,6.1,18.4,0.6,0.5,71.6,89.7,1.3,17.27 R,6.4,6.5,667,1250 L,0.0,1.0,3.8,11.95° open,7.9° in-to-out,4.05° open,,,-0.7,1.9,0,0.1,0,0,2
18,2026-08-14T22:55:44.000Z,Slight Pull,9 Iron,Default,48.0,63.3,0.8,0.7,-0.5,0.3,1.1,81.7,108.0,1.3,1.21 L,0.9,1.8,3588,313 R,0.3,3.0,-5.2,0.92° closed,1.97° out-to-in,1.05° open,,,-0.4,10,0,1.7,10,6,27.7
19,2026-08-14T22:55:44.000Z,Huge Push Slice,9 Iron,Default,132.8,139.9,39.6,36.6,23.9,17.6,4.8,80.9,104.6,1.3,7.89 R,14.2,36.3,6747,3125 R,18.2,69.0,-5.4,9.73° open,2.49° out-to-in,12.22° open,,,-0.4,6.6,0,6.7,0,0,13.4
20,2026-08-14T22:55:44.000Z,Dead Straight,9 Iron,Default,32.2,46.8,0.5,0.3,-1.1,0.3,0.7,79.1,108.8,1.4,0.17 R,2.0,1.5,1751,625 R,0.3,5.0,-2.0,0.15° open,2.1° out-to-in,2.25° open,,,-0.4,9.3,0,1.5,10,10,30.8
21,2026-08-14T22:55:44.000Z,Push,9 Iron,Default,116.4,118.6,10.4,10.2,5.9,24.8,5.1,71.7,91.0,1.3,4.15 R,25.7,45.5,6426,625 R,1.8,8.0,-1.4,4.1° open,0.47° in-to-out,3.63° open,,,0.2,5.2,0,6.5,0.6,3,15.4
22,2026-08-14T22:55:44.000Z,Huge Push Slice,9 Iron,Default,116.3,118.5,29.7,29.0,19.7,23.4,5.0,72.4,91.7,1.3,8.96 R,24.2,44.4,6883,2500 R,10.6,46.0,-2.5,10.66° open,1.46° out-to-in,12.12° open,,,-0.4,3.6,0,7.2,0,0,10.9
23,2026-08-14T22:55:44.000Z,Dead Straight,9 Iron,Default,127.1,140.3,1.0,0.7,1.2,12.7,4.3,81.6,103.5,1.3,0.55 L,10.4,30.6,6639,0,1.9,8.0,-5.5,0.81° closed,1° out-to-in,0.19° open,,,2.7,10,3,5.1,10,10,38.1
24,2026-08-14T22:55:44.000Z,Push,9 Iron,Default,125.8,125.5,22.2,22.3,13.6,28.2,5.1,72.2,90.7,1.3,6.74 R,30.8,45.5,2893,781 R,7.4,29.0,-2.0,6.91° open,2.16° in-to-out,4.75° open,,,0.1,4.4,2.3,1.5,1,3,12.2
25,2026-08-14T22:55:44.000Z,Slight Push,9 Iron,Default,149.2,151.2,5.2,5.2,1.7,33.8,5.3,85.4,107.6,1.3,2.25 R,27.5,48.9,2356,78 L,0.7,2.0,0.3,1.58° open,1.19° in-to-out,0.39° open,,,0.5,8.7,5.4,4.4,8.8,6,33.3
26,2026-08-14T22:55:44.000Z,Huge Slice,9 Iron,Default,136.3,136.6,27.7,27.6,16.9,35.2,5.4,86.1,98.1,1.1,6.41 R,33.2,49.8,2311,781 R,12.3,45.0,0.2,6.61° open,1.98° in-to-out,4.63° open,,,-0.2,6.3,0,1.5,2.6,0,10.4
27,2026-08-14T22:55:44.000Z,Push,9 Iron,Default,151.0,150.4,26.4,26.6,13.4,41.6,6.2,88.5,106.3,1.2,6.78 R,31.5,51.5,3363,625 R,8.6,29.0,0.3,6.76° open,2.51° in-to-out,4.25° open,,,-0.2,5.1,0.9,3,2.2,3,14.1
28,2026-08-14T22:55:44.000Z,Push Slice,9 Iron,Default,139.5,137.9,18.3,18.6,11.4,31.8,5.4,81.1,99.0,1.2,3.89 R,29.2,47.3,2966,625 R,9.1,33.0,-0.8,3.87° open,0.21° in-to-out,3.66° open,,,-0.0,8.8,5.6,3.4,4.5,0,22.3
29,2026-08-14T22:55:44.000Z,Top,9 Iron,Default,23.6,85.0,4.4,1.3,-2.9,0.8,0.7,68.8,83.7,1.2,3.33 L,8.4,8.3,497,625 R,0.1,2.0,2.2,2.12° closed,4.76° out-to-in,2.64° open,,,-0.2,3.6,0,0,10,0,13.6
30,2026-08-14T22:55:44.000Z,Push Fade,9 Iron,Default,145.4,149.4,13.7,13.1,8.6,28.1,5.5,77.2,104.6,1.4,1.73 R,22.7,45.3,4712,781 R,8.7,30.0,-0.7,1.79° open,1.85° out-to-in,3.64° open,,,0.0,7.5,7.4,7.4,4.5,3,29.8
31,2026-08-14T22:55:44.000Z,Huge Push,7 Iron,Default,87.4,108.3,26.9,20.7,17.0,8.3,3.1,63.3,79.8,1.3,10.19 R,15.8,24.4,3801,1250 R,5.0,29.0,-2.0,10.49° open,1.81° in-to-out,8.68° open,,,-0.1,3,0,4,0,0,7
32,2026-08-14T22:55:44.000Z,Push,7 Iron,Default,98.5,115.4,20.2,16.5,12.6,10.1,3.5,68.8,85.1,1.2,6.61 R,15.3,27.5,4537,938 R,5.1,26.0,-4.2,6.84° open,0.91° in-to-out,5.93° open,,,-0.0,3.1,0,4.7,0,3,10.8
33,2026-08-14T22:55:44.000Z,Push,7 Iron,Default,138.7,143.7,8.4,8.1,3.5,22.5,5.0,75.4,102.7,1.4,3.19 R,19.2,39.1,4702,0,0.3,1.0,-1.7,2.68° open,1.73° in-to-out,0.95° open,,,0.3,6.3,1.5,6.8,6.9,3,24.5
34,2026-08-14T22:55:44.000Z,Slight Push,7 Iron,Default,126.2,133.1,5.4,5.0,3.1,18.7,4.7,72.3,95.0,1.3,1.41 R,19.1,37.3,5077,313 R,1.9,8.0,-2.4,0.99° open,0.73° out-to-in,1.72° open,,,0.2,6.1,0,7.2,6.1,6,25.3
35,2026-08-14T22:55:44.000Z,Push,7 Iron,Default,106.5,123.0,18.0,14.8,11.0,12.3,3.7,66.2,86.3,1.3,4.97 R,17.9,29.3,4119,938 R,5.6,26.0,-1.2,5.26° open,0.12° out-to-in,5.38° open,,,0.0,3.5,0,5.2,0,3,11.7
36,2026-08-14T22:55:44.000Z,Push,7 Iron,Default,131.1,133.9,15.8,15.3,9.3,21.1,4.9,74.3,96.9,1.3,4.14 R,20.5,38.9,5925,938 R,5.8,22.0,-3.1,4.38° open,0.63° out-to-in,5.01° open,,,0.1,3.9,0,7.5,0.6,3,15
37,2026-08-14T22:55:44.000Z,Straight Draw,7 Iron,Default,141.3,148.7,4.9,4.5,-3.5,20.1,5.0,77.5,104.5,1.3,0.13 L,16.5,38.0,5179,469 L,4.1,15.0,-4.0,0.97° closed,1.11° in-to-out,2.08° closed,,,0.4,6.6,2.2,6.7,7.7,6,29.2
38,2026-08-14T22:55:44.000Z,Slight Push,7 Iron,Default,159.7,163.9,7.7,7.5,3.3,29.8,5.8,80.0,113.8,1.4,2.12 R,19.5,44.8,4964,156 R,1.6,5.0,-1.6,1.66° open,0.32° in-to-out,1.34° open,,,1.2,7.5,8,8.8,7.3,6,37.6
39,2026-08-14T22:55:44.000Z,Push Slice,7 Iron,Default,150.5,155.1,23.7,22.7,12.3,26.6,5.5,77.5,107.9,1.4,5.03 R,19.7,43.3,4870,1094 R,9.5,31.0,-1.7,5.21° open,0.39° out-to-in,5.6° open,,,0.3,4,3.9,7.6,0,0,15.4
40,2026-08-14T22:55:44.000Z,Baby Draw,7 Iron,Default,162.1,168.9,2.5,2.1,-3.8,28.9,5.8,79.2,112.7,1.4,2.34 R,19.5,43.6,4583,625 L,8.7,27.0,-1.1,1.41° open,3.41° in-to-out,2° closed,,,2.1,6.2,10,8,10,10,44.2
41,2026-08-14T22:55:44.000Z,Huge Push Slice,7 Iron,Default,139.0,166.9,45.9,35.8,21.1,10.7,3.9,78.6,109.4,1.4,8.48 R,10.3,22.9,3467,10000 R,15.0,54.0,-3.4,12.82° open,0.19° out-to-in,13.01° open,,,-0.3,4,0,2.8,0,0,6.7
42,2026-08-14T22:55:44.000Z,Push Slice,7 Iron,Default,128.3,130.4,23.3,22.8,14.6,21.5,4.9,73.5,97.0,1.3,5.81 R,20.3,40.5,5458,1563 R,9.8,38.0,-2.5,6.61° open,1.14° out-to-in,7.75° open,,,0.1,3.1,0,7.3,0,0,10.4
43,2026-08-14T22:55:44.000Z,Push,7 Iron,Default,134.5,146.0,13.9,12.3,7.7,15.9,4.5,76.5,101.0,1.3,2.85 R,14.9,32.8,4661,625 R,5.7,21.0,-3.6,2.9° open,0.76° out-to-in,3.66° open,,,0.3,5.2,0.2,4.9,3.8,3,17
44,2026-08-14T22:55:44.000Z,Top,7 Iron,Default,81.1,105.8,14.0,10.7,7.6,8.7,2.7,65.9,79.1,1.2,7.46 R,20.5,24.3,575,156 L,0.1,0.0,-0.8,6.49° open,6.29° in-to-out,0.2° open,,,-0.1,3,0,4.4,4.5,0,12
45,2026-08-14T22:55:44.000Z,Huge Push Slice,7 Iron,Default,112.5,148.7,43.7,30.7,21.0,6.7,3.2,77.3,101.3,1.3,10.34 R,8.4,18.2,3502,10000 R,10.2,45.0,-4.6,13.94° open,0.15° in-to-out,13.79° open,,,-0.3,3.6,0,0.9,0,0,4.5
46,2026-08-14T22:55:44.000Z,Push,7 Iron,Default,96.1,111.5,16.3,13.7,9.8,11.8,3.5,60.8,79.0,1.3,6.5 R,20.9,29.5,3391,625 R,2.7,14.0,-0.8,6.39° open,2.06° in-to-out,4.33° open,,,-0.1,4.2,0,4.4,0,3,11.6
47,2026-08-14T22:55:44.000Z,Baby Draw,7 Iron,Default,126.1,136.9,1.7,1.1,-3.2,15.2,4.4,74.9,97.7,1.3,2.23 R,15.3,33.4,4783,625 L,6.0,24.0,-3.9,1.06° open,3.91° in-to-out,2.85° closed,,,0.2,4.1,0,5.2,10,10,29.3
48,2026-08-14T22:55:44.000Z,Straight Draw,7 Iron,Default,133.0,146.0,9.7,8.2,-6.4,16.0,4.4,74.5,100.9,1.4,0.63 L,15.4,34.1,4166,781 L,6.7,25.0,-2.4,1.89° closed,1.81° in-to-out,3.7° closed,,,0.4,4.9,0,4.4,6.1,6,21.3
49,2026-08-14T22:55:44.000Z,Straight Draw,7 Iron,Default,123.7,136.2,5.0,3.9,-4.8,14.5,4.2,72.0,94.9,1.3,1.15 R,16.5,31.6,4411,781 L,6.4,26.0,-2.4,0.36° closed,3.62° in-to-out,3.98° closed,,,0.2,3.3,0,5,7.7,6,22
50,2026-08-14T22:55:44.000Z,Shank,7 Iron,Default,118.3,134.0,63.9,55.1,33.7,12.6,3.9,71.5,94.3,1.3,19.98 R,15.6,29.1,4158,10000 R,12.1,51.0,-2.3,15.36° open,1.82° out-to-in,17.18° open,,,-0.5,3,0,4.3,0,0,7.3
51,2026-08-14T22:55:44.000Z,Push,5 Iron,Default,133.5,159.3,21.9,17.6,9.5,11.5,3.9,74.8,103.1,1.4,5.6 R,12.6,24.4,3263,469 R,4.5,17.0,-1.9,5.41° open,1.83° in-to-out,3.58° open,,,0.3,4.9,0,4.5,1.4,3,13.8
52,2026-08-14T22:55:44.000Z,Huge Push,5 Iron,Default,88.3,158.4,24.9,13.3,9.5,1.6,1.9,81.8,116.6,1.4,7.68 R,3.0,5.6,2653,10000 R,1.4,8.0,-3.8,12.29° open,0.36° out-to-in,12.65° open,,,0.3,4.9,0,1.4,0,0,6.3
53,2026-08-14T22:55:44.000Z,Straight Draw,5 Iron,Default,162.1,178.5,7.4,6.2,-4.5,15.9,4.9,82.5,118.9,1.4,0.16 R,9.8,31.0,4616,625 L,6.6,20.0,-5.1,0.78° closed,2° in-to-out,2.78° closed,,,0.9,7.6,2.5,7,6.9,6,30
54,2026-08-14T22:55:44.000Z,Baby Draw,5 Iron,Default,137.9,152.4,1.3,0.1,-4.7,14.8,4.4,78.0,105.8,1.4,4.58 R,12.9,31.2,4452,937 L,11.2,40.0,-4.3,2.98° open,7.08° in-to-out,4.1° closed,,,0.3,2,0,6.8,10,10,28.8
55,2026-08-14T22:55:44.000Z,Baby Draw,5 Iron,Default,100.6,134.1,2.0,2.3,-0.6,7.3,3.0,69.0,90.1,1.3,3.18 R,13.0,19.0,2584,312 L,3.3,16.0,0.2,2.31° open,3.45° in-to-out,1.14° closed,,,0.2,4.9,0,3.9,10,10,28.8
56,2026-08-14T22:55:44.000Z,Underdraw,5 Iron,Default,150.7,163.2,6.8,6.5,1.1,16.1,4.8,80.8,112.1,1.4,3.84 R,11.4,32.2,5037,312 L,3.6,12.0,-5.2,3.05° open,3.56° in-to-out,0.51° closed,,,0.5,6.2,0,6.2,6.9,6,25.3
57,2026-08-14T22:55:44.000Z,Huge Push Draw,5 Iron,Default,111.1,138.7,11.3,9.8,3.0,9.5,3.4,71.4,94.7,1.3,7.14 R,12.5,24.2,3341,312 L,4.1,18.0,-1.9,5.95° open,6.62° in-to-out,0.67° closed,,,0.2,3,0,4.5,2.2,0,9.7
58,2026-08-14T22:55:44.000Z,Straight Draw,5 Iron,Default,131.1,147.0,6.3,4.9,-5.0,13.3,4.2,77.7,102.6,1.3,0.77 R,12.5,29.4,4475,781 L,6.7,25.0,-4.6,0.63° closed,3.42° in-to-out,4.05° closed,,,0.3,3.9,0,6.6,7.7,6,24.1
59,2026-08-14T22:55:44.000Z,Baby Draw,5 Iron,Default,197.9,208.8,7.0,6.0,-5.3,28.7,6.2,88.2,133.2,1.5,1.88 R,13.5,40.5,4343,625 L,12.5,32.0,-2.8,0.95° open,3.16° in-to-out,2.21° closed,,,0.3,9,10,7.7,8.4,10,45.1
60,2026-08-14T22:55:44.000Z,Huge Push Slice,5 Iron,Default,123.3,142.2,52.1,43.2,27.7,14.1,3.8,72.5,98.4,1.4,12.74 R,16.6,29.1,2140,10000 R,15.4,62.0,0.2,13.64° open,0.78° out-to-in,14.42° open,,,-0.3,3,0,4.7,0,0,7.8
61,2026-08-14T22:55:44.000Z,Push,5 Iron,Default,181.7,189.7,18.2,17.2,7.2,28.2,6.0,85.6,126.1,1.5,3.72 R,14.1,41.9,5140,469 R,5.4,15.0,-3.8,3.54° open,0.37° in-to-out,3.17° open,,,0.4,8.7,8.3,8.5,3.8,3,32.2
62,2026-08-14T22:55:44.000Z,Push,5 Iron,Default,183.2,198.2,21.0,19.0,7.7,19.9,5.4,84.7,126.6,1.5,4.21 R,10.5,33.7,4171,469 R,5.5,15.0,-3.7,3.99° open,0.55° in-to-out,3.44° open,,,0.3,8.1,8,7.2,3.8,3,30.1
63,2026-08-14T22:55:44.000Z,Push,5 Iron,Default,172.9,183.3,15.4,14.3,5.9,23.1,5.5,81.2,118.4,1.5,3.54 R,14.5,37.5,4205,313 R,3.6,10.0,-2.5,3.28° open,0.67° in-to-out,2.61° open,,,0.4,7.1,6,8.6,5.3,3,30.1
64,2026-08-14T22:55:44.000Z,Huge Push Slice,5 Iron,Default,168.6,188.2,47.0,40.4,19.5,15.1,4.8,83.3,122.5,1.5,8.06 R,8.9,29.1,4181,10000 R,16.5,49.0,-4.0,12.3° open,0.41° out-to-in,12.71° open,,,-0.1,5.6,0,6.7,0,0,12.3
65,2026-08-14T22:55:44.000Z,Baby Draw,5 Iron,Default,147.4,159.9,1.2,1.5,-1.4,15.7,4.7,80.0,110.2,1.4,2.54 R,11.9,32.1,4875,469 L,5.1,17.0,-5.4,1.68° open,3.26° in-to-out,1.58° closed,,,0.5,6.2,0,6.5,10,10,32.6
66,2026-08-14T22:55:44.000Z,Push,5 Iron,Default,168.7,176.9,23.6,22.2,9.9,25.3,5.7,82.9,119.6,1.4,5.2 R,14.4,41.1,5255,625 R,6.8,20.0,-4.4,5.04° open,0.86° in-to-out,4.18° open,,,0.5,6.8,4.5,8.2,1.8,3,24.2
67,2026-08-14T22:55:44.000Z,Huge Hook,Driver,Default,215.8,256.8,64.0,49.4,-20.8,17.6,4.7,96.1,152.6,1.6,5.54 L,11.1,25.2,1898,10000 L,28.4,66.0,6.0,13.22° closed,0.31° out-to-in,12.91° closed,,,-0.3,4.3,5.8,7.2,0,0,17.2
68,2026-08-14T22:55:44.000Z,Huge Slice,Driver,Default,223.0,234.8,62.0,57.0,24.3,28.8,6.5,96.8,150.2,1.6,5.17 R,8.5,39.1,4538,2188 R,36.9,83.0,-5.5,5.55° open,1.71° out-to-in,7.26° open,,,-0.2,4.5,5.2,3.3,0,0,12.9
69,2026-08-14T22:55:44.000Z,Straight Fade,Driver,Default,232.7,247.2,9.0,8.2,3.1,29.3,6.5,96.2,150.2,1.6,0.9 R,10.1,38.4,3704,156 R,4.6,10.0,-4.4,0.36° open,0.28° out-to-in,0.64° open,,,0.6,7.3,8.1,3.9,8.4,6,33.7
70,2026-08-14T22:55:44.000Z,Slice,Driver,Default,210.7,234.0,25.0,19.9,12.6,17.8,5.5,91.3,142.4,1.6,1.77 L,7.5,29.1,3517,1328 R,26.4,63.0,-4.8,1.25° closed,3.92° out-to-in,2.67° open,,,0.6,4.3,7.4,1.8,4.5,0,18.1
71,2026-08-14T22:55:44.000Z,Huge Slice,Driver,Default,219.7,232.1,26.5,23.8,12.6,33.4,6.5,89.9,137.7,1.5,0.2 L,15.8,40.0,3226,1016 R,24.5,56.0,4.9,0.1° open,3.03° out-to-in,3.13° open,,,0.6,4.5,7.9,4.9,5.1,0,22.5
72,2026-08-14T22:55:44.000Z,Huge Slice,Driver,Default,224.6,235.8,28.7,26.2,13.0,34.5,6.8,94.9,146.1,1.5,0.33 R,12.5,41.9,4091,1094 R,24.9,55.0,-2.6,0.49° open,2.35° out-to-in,2.84° open,,,0.5,6,7.8,4.4,4.5,0,22.7
73,2026-08-14T22:55:44.000Z,Pull,Driver,Default,239.0,258.5,20.5,18.7,-5.2,25.1,6.2,97.6,153.7,1.6,3.71 L,8.6,32.8,3384,234 L,3.2,7.0,-5.1,3.51° closed,1.34° out-to-in,2.17° closed,,,0.3,7.7,8,3.6,6.5,3,28.7
74,2026-08-14T22:55:44.000Z,Huge Slice,Driver,Default,227.1,240.5,50.2,45.6,20.1,29.6,6.5,95.1,148.0,1.6,3.02 R,9.9,38.4,3895,1719 R,33.6,74.0,-4.7,3.16° open,1.75° out-to-in,4.91° open,,,-0.1,4.8,6.2,3.5,0,0,14.5
75,2026-08-14T22:55:44.000Z,Huge Pull Hook,Driver,Default,156.8,218.2,56.0,36.9,-18.1,5.4,3.2,92.5,146.2,1.6,8.9 L,4.3,11.4,2407,10000 L,12.4,39.0,-4.9,13.13° closed,0.22° out-to-in,12.91° closed,,,-0.2,3.4,4.4,3.2,0,0,11
76,2026-08-14T22:55:44.000Z,Push,Driver,Default,209.1,232.1,18.8,15.9,7.2,17.0,5.5,92.1,143.6,1.6,1.51 R,5.8,26.3,3745,625 R,10.4,25.0,-5.2,1.34° open,1.11° out-to-in,2.45° open,,,0.7,6,7.3,1.2,5.3,3,22.9
77,2026-08-14T22:55:44.000Z,Pull Hook,Driver,Default,211.8,250.2,46.1,36.1,-15.0,16.0,4.8,94.5,149.6,1.6,4.57 L,9.6,24.1,2195,10000 L,19.2,45.0,1.9,13.48° closed,0.25° out-to-in,13.23° closed,,,-0.1,3.8,6.8,6.5,0,0,17.1
78,2026-08-14T22:55:44.000Z,Dead Straight,Driver,Default,156.4,158.3,1.1,1.1,0.1,55.5,7.4,95.6,122.0,1.3,0.74 R,31.7,55.8,6442,156 L,0.9,3.0,2.5,0.22° closed,0.31° in-to-out,0.53° closed,,,0.2,7.1,5.2,0,10,10,32.3
79,2026-08-14T22:55:44.000Z,Pull,Driver,Default,221.9,234.3,20.5,19.2,-5.8,30.0,6.5,95.8,148.4,1.5,4.16 L,10.2,41.1,4295,312 L,3.1,7.0,-4.8,4° closed,1.53° out-to-in,2.47° closed,,,0.6,6.8,8,3.7,5.3,3,26.9
80,2026-08-14T22:55:44.000Z,Top,8 Iron,Default,21.9,111.5,15.6,3.0,8.1,0.3,0.5,77.8,107.7,1.4,7.6 R,3.9,3.8,1233,625 L,0.1,2.0,1.0,6.64° open,7.09° in-to-out,0.45° closed,,,-0.1,4.9,0,1.8,10,0,16.7
81,2026-08-14T22:55:44.000Z,Huge Push Slice,8 Iron,Default,142.1,167.2,35.8,28.9,16.1,10.9,4.1,80.4,111.1,1.4,7.21 R,8.6,24.5,4217,10000 R,10.9,38.0,-5.3,12.02° open,0.34° out-to-in,12.36° open,,,-0.3,6.2,0.8,2.6,0,0,9.6
82,2026-08-14T22:55:44.000Z,Top,8 Iron,Default,27.3,90.6,28.0,8.3,18.1,1.1,0.7,74.0,91.5,1.2,16.73 R,9.1,9.9,50,625 L,0.1,2.0,2.0,14.19° open,10.21° in-to-out,3.98° open,,,-0.6,2,0,0.2,0,0,2.2
83,2026-08-14T22:55:44.000Z,Huge Push,8 Iron,Default,90.7,144.8,33.0,19.1,14.8,2.4,2.3,80.3,103.6,1.3,9.29 R,3.5,8.6,3887,10000 R,4.3,24.0,-5.3,13.86° open,0.13° in-to-out,13.73° open,,,-0.2,6.2,0,1.4,0,0,7.6
84,2026-08-14T22:55:44.000Z,Huge Push Slice,8 Iron,Default,145.1,150.0,32.1,30.7,16.8,25.4,5.3,76.8,105.8,1.4,7.54 R,19.5,41.4,5010,1406 R,11.5,40.0,-1.9,7.84° open,0.55° in-to-out,7.29° open,,,-0.2,4.5,0.1,7.7,0,0,12.3
85,2026-08-14T22:55:44.000Z,Push,8 Iron,Default,141.1,141.4,20.0,19.9,10.5,29.9,5.3,79.1,98.6,1.2,5.65 R,27.7,45.0,2938,469 R,6.0,21.0,-0.8,5.48° open,2.11° in-to-out,3.37° open,,,0.3,7.5,3.5,2.5,3.4,3,19.8
86,2026-08-14T22:55:44.000Z,Push,8 Iron,Default,116.7,122.2,13.7,13.0,7.4,19.6,4.6,72.2,90.6,1.3,5.43 R,21.8,39.9,6479,625 R,1.9,8.0,-3.3,5.43° open,1.44° in-to-out,3.99° open,,,0.0,4.7,0,7.5,0,3,15.2
87,2026-08-14T22:55:44.000Z,Push Slice,8 Iron,Default,142.1,144.1,25.8,25.3,15.2,35.3,5.9,82.7,102.1,1.2,5.29 R,29.4,48.4,4040,1250 R,12.1,43.0,-1.5,6° open,0.5° out-to-in,6.5° open,,,0.2,6.9,2.3,2.7,0,0,11.9
88,2026-08-14T22:55:44.000Z,Huge Push Slice,8 Iron,Default,134.3,148.6,35.0,30.4,18.4,14.9,4.4,77.5,103.8,1.3,7.58 R,13.3,31.5,4470,1563 R,12.5,47.0,-4.2,7.99° open,0.04° in-to-out,7.95° open,,,-0.3,4.8,0,3.9,0,0,8.7
89,2026-08-14T22:55:44.000Z,Push,8 Iron,Default,137.5,142.3,14.0,13.3,8.1,22.5,5.1,76.3,102.0,1.3,2.99 R,19.1,40.0,5391,625 R,6.1,22.0,-2.8,3.05° open,0.64° out-to-in,3.69° open,,,0.3,5.9,1.9,7.5,3.8,3,22.1
90,2026-08-14T22:55:44.000Z,Push,8 Iron,Default,150.9,154.1,11.9,11.6,5.2,34.4,6.1,80.9,109.0,1.3,3.62 R,24.8,47.5,5028,313 R,2.0,7.0,-0.1,3.3° open,0.84° in-to-out,2.46° open,,,0.6,9.1,7.5,7.1,5.3,3,31.9
91,2026-08-14T22:55:44.000Z,Huge Slice,8 Iron,Default,136.6,138.1,28.8,28.4,17.4,30.5,5.7,78.2,102.4,1.3,6.5 R,25.0,46.2,5883,1563 R,12.8,47.0,-1.0,7.25° open,0.62° out-to-in,7.87° open,,,-0.2,5.1,0.8,7,0,0,12.9
92,2026-08-14T22:55:44.000Z,Slight Push,8 Iron,Default,142.0,144.8,4.9,4.7,2.6,28.1,5.7,77.2,104.3,1.3,1.21 R,22.0,44.5,5825,156 R,1.7,6.0,-1.9,0.57° open,0.25° out-to-in,0.82° open,,,0.5,7.6,3.7,8.6,7.7,6,33.6
93,2026-08-14T22:55:44.000Z,Straight Fade,8 Iron,Default,154.2,163.0,11.8,10.7,6.9,21.8,5.3,80.4,112.3,1.4,1.06 R,14.7,38.1,5366,781 R,7.9,26.0,-5.5,0.9° open,2.32° out-to-in,3.22° open,,,0.7,8.1,8.8,6.7,4.5,6,34.1
94,2026-08-14T22:55:44.000Z,Push,8 Iron,Default,142.9,144.9,13.1,12.8,7.4,31.8,5.8,79.1,106.7,1.3,2.87 R,23.3,46.3,6157,625 R,5.6,20.0,-1.6,2.86° open,0.45° out-to-in,3.31° open,,,0.4,7.6,4.2,8.7,3.8,3,27.2
95,2026-08-14T22:55:44.000Z,Huge Slice,8 Iron,Default,146.6,156.2,36.0,32.5,20.9,18.6,4.9,80.9,111.6,1.4,4.69 R,13.1,35.0,5572,2188 R,20.5,70.0,-5.3,5.64° open,3.32° out-to-in,8.96° open,,,-0.2,5.4,0,6.4,0,0,11.8
96,2026-08-14T22:55:44.000Z,Baby Draw,6 Iron,Default,130.8,150.9,0.4,1.0,-1.8,13.2,4.1,74.7,101.5,1.4,2.67 R,13.7,28.8,3812,469 L,5.1,19.0,-2.5,1.79° open,3.53° in-to-out,1.74° closed,,,0.4,5,0,5.1,10,10,30.1
97,2026-08-14T22:55:44.000Z,Push,6 Iron,Default,141.7,148.9,17.7,16.6,8.8,18.7,4.8,75.5,102.8,1.4,4.6 R,16.6,34.6,4407,625 R,5.2,18.0,-2.2,4.51° open,0.64° in-to-out,3.87° open,,,0.3,4.8,0,7.3,2.2,3,17.3
98,2026-08-14T22:55:44.000Z,Huge Push Slice,6 Iron,Default,120.4,139.0,31.6,26.4,16.1,15.5,3.8,70.2,90.9,1.3,9.04 R,22.0,30.7,1756,625 R,7.3,30.0,0.3,8.51° open,4.01° in-to-out,4.5° open,,,-0.3,2.6,0,2.7,0,0,5.3
99,2026-08-14T22:55:44.000Z,Push,6 Iron,Default,91.6,124.8,11.4,7.7,6.5,5.5,2.8,70.9,88.7,1.3,3.13 R,9.7,17.0,3621,625 R,2.7,15.0,-4.7,3.38° open,0.68° out-to-in,4.06° open,,,0.1,4.5,0,3,3.8,3,14.3
100,2026-08-14T22:55:44.000Z,Push,6 Iron,Default,152.8,160.2,8.6,8.1,3.5,24.3,5.4,77.8,108.8,1.4,2.55 R,17.9,40.4,4726,156 R,1.3,4.0,-2.1,2.14° open,0.58° in-to-out,1.56° open,,,0.5,6.5,2.7,7.6,6.1,3,25.9
101,2026-08-14T22:55:44.000Z,Slight Push,6 Iron,Default,146.8,156.3,3.8,3.6,0.8,20.2,4.9,76.6,103.1,1.3,1.99 R,18.0,34.4,5100,0,1.5,5.0,-2.8,1.4° open,0.85° in-to-out,0.55° open,,,0.5,6.3,0.8,7.4,7.7,6,28.1
102,2026-08-14T22:55:44.000Z,Huge Push Slice,6 Iron,Default,158.7,165.3,36.8,34.8,17.5,29.5,5.8,79.1,111.8,1.4,7.74 R,20.1,43.5,4670,1406 R,13.3,42.0,-1.0,8.06° open,0.61° in-to-out,7.45° open,,,-0.1,3.8,0,6.9,0,0,10.8
103,2026-08-14T22:55:44.000Z,Baby Draw,6 Iron,Default,146.8,151.4,5.0,5.0,0.8,22.2,5.1,78.4,108.7,1.4,3.12 R,16.3,39.4,4922,156 L,3.0,10.0,-3.6,2.53° open,2.28° in-to-out,0.25° open,,,0.4,6.4,0.8,8.3,7.7,10,33.2
104,2026-08-14T22:55:44.000Z,Push,6 Iron,Default,147.7,158.7,10.8,9.9,5.1,17.6,4.9,79.5,109.4,1.4,2.6 R,13.2,33.7,4944,313 R,3.2,11.0,-5.4,2.34° open,0.08° in-to-out,2.26° open,,,0.5,6.8,1.2,7.1,5.3,3,23.3
105,2026-08-14T22:55:44.000Z,Push Slice,,,166.0,173.1,31.1,29.1,16.3,28.9,5.9,83.4,119.2,1.4,3.88 R,16.6,43.2,5660,1563 R,17.9,54.0,-4.0,4.33° open,2.46° out-to-in,6.79° open,,,0.0,5.7,2.6,8.4,0,0,16.7
106,2026-08-14T22:55:44.000Z,Push Slice,,,194.4,204.2,34.4,31.9,14.8,36.9,6.3,84.9,124.7,1.5,4.01 R,21.1,45.0,2828,781 R,18.2,47.0,5.0,3.91° open,0.28° out-to-in,4.19° open,,,-0.1,8,2.1,4.9,3.8,0,18.8
107,2026-08-14T22:55:44.000Z,Push,,,174.1,180.0,11.6,11.0,5.7,33.8,6.3,87.4,126.4,1.4,1.58 R,16.9,45.8,6248,469 R,6.2,18.0,-4.3,1.33° open,0.93° out-to-in,2.26° open,,,0.9,9.8,9.3,6.6,6.1,3,34.8
108,2026-08-14T22:55:44.000Z,Straight Fade,6 Iron,Default,149.8,157.1,6.0,5.5,3.6,23.3,5.3,79.2,109.6,1.4,0.63 R,16.8,39.7,5355,313 R,3.9,13.0,-4.3,0.53° open,1.24° out-to-in,1.77° open,,,0.5,6.9,1.7,8.1,6.9,6,29.5
109,2026-08-14T22:55:44.000Z,Dead Straight,,,169.1,176.4,1.1,0.9,-1.1,28.6,5.9,83.6,120.2,1.4,0.41 R,16.2,42.7,5545,156 L,2.2,6.0,-3.9,0.06° closed,0.32° in-to-out,0.38° closed,,,1.9,9.2,7.7,8.6,10,10,45.5
110,2026-08-14T22:55:44.000Z,Huge Hook,,,173.2,180.7,47.3,44.2,-23.7,28.5,5.9,85.3,124.4,1.5,5.77 L,15.6,42.8,5427,2148 L,26.7,77.0,-3.6,7.58° closed,2.74° in-to-out,10.32° closed,,,-0.2,6.2,0,8.3,0,0,14.5
111,2026-08-14T22:55:44.000Z,Push,6 Iron,Default,156.4,163.7,13.4,12.6,6.7,25.3,5.6,81.6,114.1,1.4,2.51 R,16.0,41.4,5893,469 R,5.7,18.0,-5.2,2.31° open,0.38° out-to-in,2.69° open,,,0.5,7.2,3.9,7.8,4.5,3,26.5
112,2026-08-14T22:55:44.000Z,Straight Fade,Pitching Wedge,Default,118.1,117.7,5.8,5.8,5.2,28.0,5.4,73.7,92.7,1.3,0.42 R,28.4,46.7,6655,938 R,4.9,21.0,-0.8,1.2° open,3.09° out-to-in,4.29° open,,,0.4,4.3,0,6.2,5.3,6,21.9
113,2026-08-14T22:55:44.000Z,Push,Pitching Wedge,Default,133.1,132.5,8.5,8.5,4.0,40.9,6.0,89.7,96.9,1.1,3.27 R,37.3,51.3,2908,156 R,0.9,3.0,0.3,2.82° open,1.24° in-to-out,1.58° open,,,1.0,6.9,7,1.6,6.9,3,25.5
114,2026-08-14T22:55:44.000Z,Slight Push,Pitching Wedge,Default,122.7,122.7,5.2,5.2,3.2,27.8,5.4,77.0,97.0,1.3,1.65 R,25.1,46.3,7699,625 R,1.6,7.0,-2.7,1.55° open,1.38° out-to-in,2.93° open,,,1.0,7.7,1.7,9.5,5.3,6,30.1
115,2026-08-14T22:55:44.000Z,Push,Pitching Wedge,Default,110.1,109.6,14.1,14.2,9.7,32.2,5.1,82.5,84.7,1.0,5.02 R,40.1,50.9,2347,625 R,4.5,20.0,-0.8,5.5° open,0.16° out-to-in,5.66° open,,,0.1,7.2,0,0,3.8,3,14
116,2026-08-14T22:55:44.000Z,Push,Pitching Wedge,Default,101.6,102.4,6.8,6.8,2.9,25.4,4.7,71.0,79.3,1.1,4.77 R,37.8,46.1,2378,156 L,1.7,8.0,-2.4,4.14° open,3.49° in-to-out,0.65° open,,,0.0,5.2,0,0,6.9,3,15
117,2026-08-14T22:55:44.000Z,Dead Straight,Pitching Wedge,Default,129.1,131.0,1.2,1.1,-0.7,27.9,5.5,78.8,101.4,1.3,0.29 L,23.4,46.1,7298,0,0.5,2.0,-3.0,0.58° closed,0.71° out-to-in,0.13° open,,,2.4,9.3,10,9.1,10,10,48.3
118,2026-08-14T22:55:44.000Z,Underdraw,Pitching Wedge,Default,123.9,127.3,8.0,7.9,1.9,26.3,5.3,72.8,94.6,1.3,5.45 R,25.1,45.2,6230,312 L,3.9,16.0,-1.4,4.58° open,5.12° in-to-out,0.54° closed,,,1.0,4.3,3.6,7.4,5.3,6,26.6
119,2026-08-14T22:55:44.000Z,Baby Draw,Pitching Wedge,Default,129.4,131.7,3.8,3.8,-1.1,26.0,5.3,75.1,99.0,1.3,4.52 R,23.3,44.4,6304,625 L,6.4,25.0,-2.4,3.19° open,5.54° in-to-out,2.35° closed,,,1.5,4.5,10,7.8,8.4,10,40.7
120,2026-08-14T22:55:44.000Z,Slight Push,Pitching Wedge,Default,127.8,127.4,6.0,6.0,2.5,31.8,5.7,78.1,96.3,1.2,2.89 R,29.1,48.4,7592,0,0.5,2.0,-0.8,2.39° open,1.49° in-to-out,0.9° open,,,1.2,8.9,10,7.7,6.9,6,39.4
121,2026-08-14T22:55:44.000Z,Slight Push,Pitching Wedge,Default,136.5,137.7,2.5,2.5,0.3,35.2,6.1,80.7,106.9,1.3,1.85 R,26.3,50.1,7432,0,1.9,7.0,-1.0,1.25° open,0.67° in-to-out,0.58° open,,,1.1,9.9,3.4,8.2,10,6,37.5
122,2026-08-14T22:55:44.000Z,Push,Pitching Wedge,Default,131.2,129.2,10.4,10.6,5.9,35.2,5.9,81.7,102.1,1.2,3.33 R,29.1,50.3,6228,625 R,2.9,11.0,-0.4,3.35° open,0.15° out-to-in,3.5° open,,,0.9,8.9,8.4,6.5,3.8,3,30.6
123,2026-08-14T22:55:44.000Z,Push,7 Iron,Default,153.3,159.6,9.6,9.2,3.8,26.0,5.5,77.9,109.4,1.4,3.09 R,18.9,42.1,4586,156 R,0.9,3.0,-1.7,2.75° open,0.97° in-to-out,1.78° open,,,0.7,6.8,6,7.5,6.1,3,29.4
124,2026-08-14T22:55:44.000Z,Push Slice,7 Iron,Default,146.3,152.2,29.7,28.0,16.4,25.7,5.3,76.1,103.6,1.4,5.64 R,21.5,41.5,4997,1563 R,13.6,46.0,-1.3,6.38° open,1.17° out-to-in,7.55° open,,,-0.1,3.4,1.6,6.4,0,0,11.4
125,2026-08-14T22:55:44.000Z,Push,7 Iron,Default,160.8,168.5,16.0,15.1,6.6,26.7,5.7,82.5,116.9,1.4,4.14 R,16.1,42.0,5728,313 R,3.5,11.0,-4.6,3.74° open,1.05° in-to-out,2.69° open,,,0.3,8.2,8.3,8.7,3.8,3,31.9
126,2026-08-14T22:55:44.000Z,Dead Straight,7 Iron,Default,175.9,181.7,2.7,2.5,-1.3,37.7,6.5,86.0,124.4,1.4,0.37 L,20.2,47.2,5383,156 L,1.4,4.0,-0.2,0.68° closed,0.27° out-to-in,0.41° closed,,,0.8,10,10,8,10,10,48
1,2026-08-13T23:07:29.000Z,Huge Push Slice,9 Iron,Default,115.6,122.0,32.4,30.3,18.7,17.9,4.5,73.2,88.9,1.2,11.41 R,20.9,37.9,6977,2500 R,7.0,30.0,-4.7,12.41° open,0.59° in-to-out,11.82° open,,,-0.4,3.9,0,7.5,0,0,11.4
2,2026-08-13T23:07:29.000Z,Shank,9 Iron,Default,30.2,62.1,31.7,15.2,31.4,2.2,1.1,57.2,66.9,1.2,25.58 R,15.7,17.4,50,312 L,0.7,11.0,-0.9,10.39° open,5.02° in-to-out,5.37° open,,,-0.8,1.2,0,2.4,0,0,3.6
3,2026-08-13T23:07:29.000Z,Push Slice,9 Iron,Default,134.4,135.9,15.5,15.3,10.1,31.8,5.7,78.3,98.8,1.3,2.94 R,27.4,49.0,7001,1250 R,8.4,31.0,-1.1,3.76° open,2.46° out-to-in,6.22° open,,,0.0,6,7.3,6.9,0.6,0,20.9
4,2026-08-13T23:07:29.000Z,Huge Slice,9 Iron,Default,132.0,132.7,27.7,27.4,19.0,32.1,5.5,79.9,96.3,1.2,4.87 R,30.3,48.6,3522,1563 R,16.2,61.0,-1.5,6.24° open,1.9° out-to-in,8.14° open,,,-0.2,6.9,0,2.5,0,0,9.4
5,2026-08-13T23:07:29.000Z,Push Slice,9 Iron,Default,139.1,140.7,22.1,21.7,12.8,31.4,5.8,79.9,106.2,1.3,5.18 R,23.0,48.8,6832,1250 R,9.1,33.0,-2.8,5.66° open,0.63° out-to-in,6.29° open,,,-0.1,6.9,3.6,9.4,0,0,19.8
6,2026-08-13T23:07:29.000Z,Huge Push Slice,9 Iron,Default,129.8,132.4,29.5,28.7,18.4,26.4,5.3,74.9,97.1,1.3,7.03 R,24.4,45.5,6867,2500 R,12.7,49.0,-2.1,8.85° open,2.91° out-to-in,11.76° open,,,-0.3,3.9,0,8,0,0,11.9
7,2026-08-13T23:07:29.000Z,Straight Fade,9 Iron,Default,143.7,145.4,7.3,7.2,5.6,32.8,6.0,81.1,108.4,1.3,0.09 R,22.8,49.5,7013,625 R,6.9,24.0,-3.2,0.22° open,2.43° out-to-in,2.65° open,,,1.1,9.2,10,9,6.9,6,41.1
8,2026-08-13T23:07:29.000Z,Pull,9 Iron,Default,132.7,135.1,15.2,14.8,-8.8,26.2,5.4,77.1,101.6,1.3,4.04 L,21.6,46.0,6565,937 L,5.5,21.0,-3.4,4.65° closed,0.11° out-to-in,4.54° closed,,,0.0,6.8,6.9,9.7,1.4,3,27.8
9,2026-08-13T23:07:29.000Z,Huge Push,9 Iron,Default,117.8,119.1,23.9,23.6,14.5,28.1,5.0,71.1,88.2,1.2,8.52 R,31.6,48.3,3408,938 R,6.0,25.0,-2.1,8.82° open,2.9° in-to-out,5.92° open,,,0.0,2.8,0,1.1,0,0,3.9
10,2026-08-13T23:07:29.000Z,Push,9 Iron,Default,137.3,137.6,13.1,13.1,7.1,36.8,5.9,83.5,100.8,1.2,3.81 R,30.9,51.6,4293,625 R,3.9,14.0,-1.5,3.79° open,0.15° in-to-out,3.64° open,,,0.5,8.3,8.3,3.5,3.8,3,26.8
11,2026-08-13T23:07:29.000Z,Slight Pull,9 Iron,Default,126.8,174.9,9.2,6.3,-3.4,3.4,3.1,86.9,122.0,1.4,2.31 L,0.8,11.9,4950,625 L,1.2,5.0,-5.1,2.87° closed,0.47° in-to-out,3.34° closed,,,-0.4,6.8,2.9,1.1,3.8,6,20.6
12,2026-08-13T23:07:29.000Z,Push Slice,9 Iron,Default,131.1,132.4,20.6,20.3,12.4,29.8,5.6,77.7,97.9,1.3,5.36 R,26.2,47.7,7633,1563 R,8.0,31.0,-2.0,6.48° open,1.48° out-to-in,7.96° open,,,-0.1,6.1,4,6.4,0,0,16.5
13,2026-08-13T23:07:29.000Z,Huge Push Slice,9 Iron,Default,119.4,120.2,28.3,28.0,19.5,27.4,5.3,74.3,94.9,1.3,7.47 R,26.2,48.1,7141,2500 R,12.3,52.0,-1.6,9.42° open,2.61° out-to-in,12.03° open,,,-0.4,3.9,0,6.6,0,0,10.4
14,2026-08-13T23:07:29.000Z,Push,9 Iron,Default,114.3,115.7,14.3,14.0,10.1,26.0,4.7,70.2,86.8,1.2,4.03 R,32.0,46.0,2655,625 R,6.0,26.0,-2.2,4.1° open,0.56° in-to-out,3.54° open,,,0.1,5.1,0,0.9,3.8,3,12.7
15,2026-08-13T23:07:29.000Z,Slight Push,9 Iron,Default,128.3,129.7,4.7,4.6,2.9,28.7,5.6,78.8,99.7,1.3,1.25 R,24.0,47.6,7736,313 R,1.8,7.0,-3.2,0.72° open,0.71° out-to-in,1.43° open,,,0.6,9.5,3.8,7.5,6.9,6,33.8
16,2026-08-13T23:07:29.000Z,Huge Push Slice,9 Iron,Default,130.2,136.2,39.6,37.1,24.8,19.0,4.8,79.8,102.4,1.3,8.07 R,15.9,38.3,6785,3125 R,18.6,71.0,-5.4,9.96° open,2.45° out-to-in,12.41° open,,,-0.4,6.5,0,7.3,0,0,13.9
17,2026-08-13T23:07:29.000Z,Huge Push Slice,9 Iron,Default,123.3,158.9,46.7,32.8,22.8,6.1,3.5,83.6,111.2,1.3,7.9 R,4.8,17.5,5542,10000 R,15.7,64.0,-5.2,12.6° open,0.16° out-to-in,12.76° open,,,-0.6,6.5,0,2.9,0,0,9.4
18,2026-08-13T23:07:29.000Z,Straight Fade,9 Iron,Default,114.8,176.0,6.3,3.1,3.1,3.0,2.6,82.5,118.5,1.4,0.03 L,3.6,8.0,3030,625 R,3.1,14.0,-3.7,0.14° closed,2.13° out-to-in,1.99° open,,,-0.4,9.7,0,0.1,10,6,25.8
19,2026-08-13T23:07:29.000Z,Huge Push Slice,9 Iron,Default,116.8,117.8,30.3,29.9,20.1,29.3,5.5,73.8,92.0,1.2,9.41 R,29.0,48.8,6767,2188 R,10.6,45.0,-0.8,11.16° open,0.1° in-to-out,11.06° open,,,-0.4,4.1,0,5.3,0,0,9.4
20,2026-08-13T23:07:29.000Z,Slight Push,9 Iron,Default,138.4,139.3,7.0,6.9,3.5,35.9,6.0,81.1,103.2,1.3,2.2 R,28.1,50.7,6191,313 R,1.6,6.0,-0.3,1.86° open,neutral,1.86° open,,,1.2,10,10,7.3,5.3,6,38.6
21,2026-08-13T23:07:29.000Z,Huge Push Slice,9 Iron,Default,126.2,126.6,37.1,36.9,24.4,32.6,5.8,80.2,101.9,1.3,9.34 R,26.6,50.2,8529,3125 R,16.1,64.0,-3.3,11.06° open,1.93° out-to-in,12.99° open,,,-0.4,6.9,0,5.7,0,0,12.6
22,2026-08-13T23:07:29.000Z,Push,9 Iron,Default,123.1,124.3,13.3,13.1,9.0,29.5,5.5,74.1,94.3,1.3,3.14 R,27.7,48.3,6379,1250 R,6.3,26.0,-0.8,4.05° open,2.37° out-to-in,6.42° open,,,0.2,4,0.8,6.1,0.6,3,14.5
23,2026-08-13T23:07:29.000Z,Huge Slice,9 Iron,Default,115.1,116.9,23.2,22.7,15.9,25.1,5.1,71.5,90.1,1.3,6.75 R,26.5,46.5,6462,1875 R,9.1,39.0,-1.4,8.18° open,1.58° out-to-in,9.76° open,,,0.0,3.4,0,6.2,0,0,9.7
24,2026-08-13T23:07:29.000Z,Pull Draw,7 Iron,Default,166.8,172.6,18.5,17.5,-10.3,28.7,6.0,87.0,123.8,1.4,1.77 L,14.5,45.5,6807,1094 L,12.3,37.0,-5.5,2.81° closed,2.2° in-to-out,5.01° closed,,,0.2,7.5,8,6.1,2.2,3,26.8
25,2026-08-13T23:07:29.000Z,Push Slice,7 Iron,Default,159.8,164.0,29.0,28.0,14.2,32.4,6.2,85.3,118.9,1.4,5.96 R,18.0,47.8,7196,1406 R,11.3,35.0,-5.3,6.24° open,0.51° out-to-in,6.75° open,,,-0.0,6.4,2.5,7.4,0,0,16.3
26,2026-08-13T23:07:29.000Z,Top,7 Iron,Default,25.7,73.5,24.1,8.1,-19.5,1.3,0.8,63.6,76.4,1.2,16.6 L,10.9,11.7,50,625 R,0.5,9.0,0.7,14.44° closed,11.66° out-to-in,2.78° closed,,,-0.2,2.4,0,2.2,0,0,4.6
27,2026-08-13T23:07:29.000Z,Huge Push Slice,7 Iron,Default,157.1,161.2,38.1,36.8,18.7,31.7,6.0,82.4,115.0,1.4,8.22 R,19.4,47.2,6162,1875 R,14.1,45.0,-4.0,8.8° open,0.04° out-to-in,8.84° open,,,-0.2,5,0,8.4,0,0,13.4
28,2026-08-13T23:07:29.000Z,Push Slice,7 Iron,Default,166.1,173.2,29.9,28.2,14.2,28.9,5.8,80.6,116.2,1.4,5.32 R,18.1,44.4,4623,1094 R,12.7,38.0,-1.4,5.44° open,0.31° out-to-in,5.75° open,,,-0.1,4.4,2.6,8.9,0,0,15.9
29,2026-08-13T23:07:29.000Z,Huge Push Slice,7 Iron,Default,98.4,109.7,32.8,28.7,21.1,13.0,3.8,65.8,81.9,1.2,12.45 R,19.7,33.1,5350,2500 R,7.0,36.0,-3.7,13.26° open,1.45° in-to-out,11.81° open,,,-0.5,3,0,7.2,0,0,10.1
30,2026-08-13T23:07:29.000Z,Dead Straight,7 Iron,Default,147.7,152.4,1.8,1.7,0.7,25.5,5.5,81.5,110.9,1.4,0.63 R,16.8,43.9,6674,0,0.1,0.0,-5.2,0.28° open,0.08° out-to-in,0.36° open,,,0.6,7.6,4.2,7.2,10,10,39
31,2026-08-13T23:07:29.000Z,Push,7 Iron,Default,167.2,174.3,12.4,11.8,4.8,27.6,5.8,82.6,118.9,1.4,3.27 R,16.1,43.5,5242,156 R,2.3,7.0,-3.4,2.91° open,1.08° in-to-out,1.83° open,,,0.7,8.1,9.2,9.2,6.1,3,35.7
32,2026-08-13T23:07:29.000Z,Baby Draw,7 Iron,Default,163.1,167.8,0.7,0.9,-1.6,31.0,6.1,86.5,121.8,1.4,2.19 R,16.3,47.0,7108,469 L,5.4,17.0,-5.5,1.35° open,2.66° in-to-out,1.31° closed,,,2.2,9.3,10,6.8,10,10,46
33,2026-08-13T23:07:29.000Z,Huge Push Slice,7 Iron,Default,169.1,172.6,36.4,35.4,16.3,40.3,6.0,88.2,120.9,1.4,7.74 R,24.3,50.3,2967,547 R,12.4,37.0,4.1,7.55° open,3.17° in-to-out,4.38° open,,,-0.2,7.3,0,4.1,2.2,0,13.7
34,2026-08-13T23:07:29.000Z,Push,7 Iron,Default,150.0,153.7,18.8,18.3,8.5,28.2,5.8,84.1,114.5,1.4,5.41 R,16.9,45.9,7479,625 R,4.1,14.0,-5.5,5.31° open,1.11° in-to-out,4.2° open,,,0.4,7.2,4.9,6.8,0.6,3,22.5
35,2026-08-13T23:07:29.000Z,Shank,7 Iron,Default,21.6,85.8,38.2,9.4,-26.5,0.7,0.6,70.2,86.0,1.2,23.14 L,7.3,7.8,513,1094 R,0.2,5.0,3.1,20.42° closed,11.8° out-to-in,8.62° closed,,,-0.6,0,0,0.7,0,0,0.7
36,2026-08-13T23:07:29.000Z,Slight Push,7 Iron,Default,158.2,163.5,7.2,6.9,3.5,29.2,5.2,81.3,115.9,1.4,1.46 R,20.1,45.6,2568,156 R,2.9,9.0,3.5,0.92° open,0.08° out-to-in,1° open,,,1.2,7.5,7.5,6,8.4,6,35.4
37,2026-08-13T23:07:29.000Z,Huge Push,7 Iron,Default,157.0,164.0,24.9,24.0,8.1,28.0,5.1,85.9,111.0,1.3,9.32 R,26.2,39.9,2002,156 L,1.8,6.0,1.3,8.23° open,7.41° in-to-out,0.82° open,,,0.0,6.6,4.3,2.7,5.3,0,18.9
38,2026-08-13T23:07:29.000Z,Push,7 Iron,Default,154.5,157.8,18.5,18.0,9.2,34.1,6.1,83.5,115.8,1.4,4.11 R,20.5,49.3,6724,781 R,6.9,22.0,-4.1,4.08° open,0.37° out-to-in,4.45° open,,,0.4,6.7,6,7,1.4,3,24.2
39,2026-08-13T23:07:29.000Z,Slight Push,7 Iron,Default,164.6,168.9,6.6,6.4,2.7,34.6,6.3,86.3,121.9,1.4,1.8 R,18.1,48.7,6990,156 R,1.2,4.0,-5.0,1.38° open,0.13° in-to-out,1.25° open,,,1.4,9.7,10,7.3,6.9,6,39.9
40,2026-08-13T23:07:29.000Z,Push,7 Iron,Default,130.7,143.9,11.0,9.8,5.1,16.7,4.4,70.2,94.2,1.3,3.47 R,19.5,32.7,3446,313 R,1.9,7.0,-1.0,3.14° open,0.76° in-to-out,2.38° open,,,0.3,5.7,0,4.6,5.3,3,18.6
41,2026-08-13T23:07:29.000Z,Huge Push Slice,7 Iron,Default,137.9,169.9,73.4,55.1,34.3,8.0,3.8,83.3,118.1,1.4,12.08 R,5.7,20.1,4572,10000 R,25.6,93.0,-5.3,15.38° open,0.08° in-to-out,15.3° open,,,-0.5,5.4,0,4,0,0,9.4
42,2026-08-13T23:07:29.000Z,Push,7 Iron,Default,161.1,166.8,12.1,11.6,5.7,28.7,5.9,84.6,118.5,1.4,2.58 R,16.0,45.5,6737,469 R,4.3,13.0,-5.3,2.38° open,0.33° out-to-in,2.71° open,,,0.7,8.5,8.6,7.5,4.5,3,32.2
43,2026-08-13T23:07:29.000Z,Pull Hook,5 Iron,Default,164.3,177.2,25.7,22.7,-13.2,21.2,4.9,81.9,121.2,1.5,2.67 L,12.9,39.3,3680,1094 L,15.1,46.0,-2.0,3.24° closed,1.82° in-to-out,5.06° closed,,,0.5,5.4,3.4,7.1,2.2,0,18.1
44,2026-08-13T23:07:29.000Z,Shank,5 Iron,Default,29.8,96.5,43.9,13.2,27.4,1.2,0.7,75.0,98.3,1.3,22.84 R,9.4,9.6,50,625 L,0.6,10.0,3.0,13.41° open,9.51° in-to-out,3.9° open,,,-0.5,1.7,0,2.4,0,0,4.1
45,2026-08-13T23:07:29.000Z,Huge Slice,5 Iron,Default,173.5,184.3,39.9,36.6,17.7,21.5,5.5,84.0,122.6,1.5,6.57 R,11.4,36.8,5014,1563 R,16.7,48.0,-4.9,6.92° open,0.59° out-to-in,7.51° open,,,-0.0,5.7,0.1,7.9,0,0,13.7
46,2026-08-13T23:07:29.000Z,Push Slice,5 Iron,Default,161.2,171.6,29.2,26.8,13.2,19.9,5.2,83.9,119.9,1.4,5.9 R,10.6,37.2,5609,1094 R,10.1,31.0,-5.3,6.14° open,0.07° out-to-in,6.21° open,,,0.1,5.6,2.5,6.1,0,0,14.2
47,2026-08-13T23:07:29.000Z,Push,5 Iron,Default,170.9,177.1,25.5,24.3,11.5,29.6,6.0,85.2,122.5,1.4,4.77 R,15.3,44.3,5998,1094 R,10.0,29.0,-5.0,4.83° open,0.66° out-to-in,5.49° open,,,0.5,6.6,4.5,7.6,0,3,21.7
48,2026-08-13T23:07:29.000Z,Top,5 Iron,Default,20.7,76.2,29.5,7.9,22.9,0.8,0.6,64.2,76.9,1.2,20.42 R,8.7,8.8,50,0,0.2,4.0,1.9,15.22° open,9.56° in-to-out,5.66° open,,,-0.6,0.3,0,2.1,0,0,2.3
49,2026-08-13T23:07:29.000Z,Push Slice,5 Iron,Default,183.5,190.7,33.0,31.4,13.3,32.1,6.3,87.0,127.9,1.5,6.27 R,15.2,44.0,5492,1016 R,11.2,31.0,-3.8,6.3° open,0.36° in-to-out,5.94° open,,,0.1,6.9,2.6,8.3,0,0,17.8
50,2026-08-13T23:07:29.000Z,Huge Push Slice,5 Iron,Default,164.2,173.3,67.0,62.0,32.8,23.7,5.5,82.7,119.6,1.4,10.96 R,14.3,39.0,5098,10000 R,30.2,92.0,-4.0,13.88° open,0.26° out-to-in,14.14° open,,,-0.3,5.1,0,8.6,0,0,13.7
51,2026-08-13T23:07:29.000Z,Straight Draw,5 Iron,Default,160.6,169.1,14.1,12.8,-8.4,24.0,5.5,82.2,117.2,1.4,0.78 L,14.6,40.5,5430,937 L,10.7,33.0,-4.9,1.97° closed,2.2° in-to-out,4.17° closed,,,0.6,6,2.1,7.7,4.5,6,26.3
52,2026-08-13T23:07:29.000Z,Push,5 Iron,Default,171.4,177.6,26.6,25.3,11.8,30.6,6.0,83.5,121.2,1.5,5.18 R,16.8,44.9,5088,938 R,9.8,28.0,-2.3,5.2° open,0.14° out-to-in,5.34° open,,,0.5,5.9,4.2,9,0.6,3,22.8
53,2026-08-13T23:07:29.000Z,Huge Push Slice,5 Iron,Default,109.7,169.8,62.8,36.7,25.6,1.9,2.5,85.4,122.3,1.4,12.88 R,1.2,6.4,3567,10000 R,11.6,53.0,-4.9,16.33° open,0.08° in-to-out,16.25° open,,,-0.3,6.3,0,3.2,0,0,9.5
54,2026-08-13T23:07:29.000Z,Huge Push Slice,5 Iron,Default,139.2,167.5,67.5,51.9,32.6,9.1,3.9,82.5,117.0,1.4,10.59 R,6.8,21.9,4451,10000 R,25.9,93.0,-5.3,14.38° open,0.02° in-to-out,14.36° open,,,-0.3,4.9,0,5.4,0,0,10.3
55,2026-08-13T23:07:29.000Z,Huge Push Slice,5 Iron,Default,141.0,151.1,32.2,29.3,16.0,17.4,4.7,77.3,104.4,1.4,7.85 R,14.8,32.4,4634,1250 R,9.9,35.0,-3.6,8.06° open,0.93° in-to-out,7.13° open,,,-0.2,3.3,0,7.7,0,0,11
56,2026-08-13T23:07:29.000Z,Huge Push Slice,5 Iron,Default,158.4,179.8,49.1,41.1,21.8,12.5,4.6,84.3,121.4,1.4,8.03 R,6.9,26.6,4912,10000 R,18.8,59.0,-5.2,12.31° open,0.34° out-to-in,12.65° open,,,-0.2,5.8,0,6,0,0,11.8
57,2026-08-13T23:07:29.000Z,Push,5 Iron,Default,180.9,187.5,16.4,15.6,7.0,30.9,6.3,88.8,129.7,1.5,2.92 R,13.5,44.9,6212,469 R,6.4,18.0,-5.5,2.79° open,0.06° out-to-in,2.85° open,,,0.4,9.4,8.4,6.1,4.5,3,31.3
58,2026-08-13T23:07:29.000Z,Huge Slice,5 Iron,Default,168.6,185.2,40.1,34.9,18.0,16.2,5.0,84.2,123.1,1.5,5.85 R,8.7,31.0,4682,1563 R,17.7,52.0,-4.9,6.32° open,0.97° out-to-in,7.29° open,,,-0.0,5.8,0.6,7,0,0,13.4
59,2026-08-13T23:07:29.000Z,Push,5 Iron,Default,190.7,199.4,21.6,20.3,8.5,30.7,6.3,86.4,128.5,1.5,3.74 R,14.8,42.4,4803,625 R,7.9,21.0,-2.7,3.62° open,0.07° out-to-in,3.69° open,,,0.3,8.4,7.8,9.2,3.8,3,32.2
60,2026-08-13T23:07:29.000Z,Dead Straight,5 Iron,Default,182.9,189.1,3.6,3.5,1.3,33.3,6.5,90.7,133.0,1.5,0.92 R,13.5,47.0,6524,0,0.6,2.0,-5.7,0.22° open,0.11° in-to-out,0.11° open,,,2.0,9.6,10,5.2,9.2,10,44.1
61,2026-08-13T23:07:29.000Z,Push Slice,5 Iron,Default,141.6,150.1,28.6,26.4,15.5,18.5,4.9,79.6,107.5,1.3,5.9 R,13.7,36.9,5509,1563 R,11.7,41.0,-5.2,6.5° open,1.05° out-to-in,7.55° open,,,-0.1,3.8,0,6.1,0,0,9.9
62,2026-08-13T23:07:29.000Z,Huge Slice,5 Iron,Default,173.9,179.9,42.5,40.4,20.2,30.3,6.1,84.6,122.7,1.5,6.58 R,16.1,44.4,5440,1875 R,20.4,59.0,-3.5,7.11° open,1.37° out-to-in,8.48° open,,,-0.1,5.9,0,8.7,0,0,14.7
63,2026-08-13T23:07:29.000Z,Push,5 Iron,Default,167.4,174.6,9.9,9.4,4.1,26.4,5.8,84.8,121.7,1.4,2.35 R,13.6,42.9,5970,313 R,2.5,8.0,-5.3,2.05° open,0.05° out-to-in,2.1° open,,,0.7,9,4.2,6.8,5.3,3,28.3
64,2026-08-13T23:07:29.000Z,Push Slice,5 Iron,Default,167.0,174.5,29.7,27.8,14.7,24.6,5.8,86.1,123.8,1.4,4.39 R,11.6,41.1,6208,1250 R,15.0,45.0,-5.6,4.6° open,1.32° out-to-in,5.92° open,,,0.1,6.6,2.9,5.8,0,0,15.3
65,2026-08-13T23:07:29.000Z,Push,5 Iron,Default,169.2,175.2,23.9,22.8,10.6,29.8,6.1,87.0,124.4,1.4,4.84 R,13.9,45.6,6637,938 R,8.5,25.0,-5.5,4.87° open,0.44° out-to-in,5.31° open,,,0.5,7.3,4.5,6.4,0,3,21.3
66,2026-08-13T23:07:29.000Z,Push,5 Iron,Default,148.9,157.5,24.2,22.5,11.6,19.3,5.1,82.2,112.3,1.4,5.73 R,12.3,37.6,6170,938 R,7.6,25.0,-5.3,5.96° open,0.31° in-to-out,5.65° open,,,0.3,5.1,0,4.6,0,3,12.7
67,2026-08-13T23:07:29.000Z,Push,5 Iron,Default,154.1,163.2,18.8,17.3,9.1,20.2,5.1,80.4,112.4,1.4,3.8 R,13.5,37.3,5098,781 R,7.1,23.0,-5.5,3.86° open,0.7° out-to-in,4.56° open,,,0.4,5.2,0.1,7.2,1.4,3,16.8
68,2026-08-13T23:07:29.000Z,Huge Hook,Driver,Default,251.3,268.5,57.5,51.9,-19.0,30.7,6.6,101.0,160.0,1.6,4.73 L,10.0,35.0,3320,10000 L,31.1,62.0,-2.9,13.48° closed,0.19° out-to-in,13.29° closed,,,-0.3,6.1,5.9,4,0,0,16
69,2026-08-13T23:07:29.000Z,Huge Hook,Driver,Default,245.9,266.3,43.3,37.3,-16.9,26.9,6.2,99.8,158.3,1.6,0.57 L,11.0,33.3,2909,10000 L,34.8,71.0,1.4,13.64° closed,0.77° in-to-out,14.41° closed,,,-0.2,5.7,7,4.8,0,0,17.5
70,2026-08-13T23:07:29.000Z,Push,Driver,Default,242.7,255.1,18.4,17.4,4.6,41.4,7.5,100.6,156.4,1.6,3.58 R,11.9,44.1,4514,117 R,2.2,5.0,-4.1,3.15° open,1.53° in-to-out,1.62° open,,,0.4,9,8.1,5,6.7,3,31.7
71,2026-08-13T23:07:29.000Z,Straight Fade,Driver,Default,247.5,263.1,4.9,4.1,2.7,33.5,6.9,99.0,155.5,1.6,0.75 L,11.3,39.1,3483,234 R,7.4,15.0,-2.3,0.74° closed,0.76° out-to-in,0.02° open,,,0.3,8.3,8.1,4.8,9.2,6,36.4
72,2026-08-13T23:07:29.000Z,Huge Slice,Driver,Default,216.0,227.1,27.5,24.8,13.8,29.6,6.5,96.1,148.1,1.5,0.57 L,8.4,41.0,4932,1563 R,27.0,62.0,-5.9,0.05° closed,3.35° out-to-in,3.3° open,,,0.6,5.2,7.7,2.9,3,0,18.9
73,2026-08-13T23:07:29.000Z,Huge Slice,Driver,Default,241.5,252.0,56.6,53.1,19.1,47.3,7.7,100.6,156.6,1.6,6.22 R,14.8,47.0,4338,1250 R,26.8,56.0,0.6,6.22° open,0.15° out-to-in,6.37° open,,,-0.2,6,5.7,6.2,0,0,17.9
74,2026-08-13T23:07:29.000Z,Huge Pull,Driver,Default,189.3,245.0,49.2,36.0,-13.7,6.6,4.0,95.5,151.5,1.6,8.06 L,3.1,13.1,2689,10000 L,9.2,24.0,-5.4,12.68° closed,0.31° out-to-in,12.37° closed,,,-0.1,4.1,5.7,2.6,0,0,12.3
75,2026-08-13T23:07:29.000Z,Slight Push,Driver,Default,235.3,245.4,10.1,9.6,2.8,41.8,7.4,102.9,159.5,1.6,1.93 R,10.3,47.9,5080,78 R,1.7,4.0,-5.6,1.48° open,0.5° in-to-out,0.98° open,,,0.6,9.7,8.1,4.2,8.1,6,36
76,2026-08-13T23:07:29.000Z,Pull,Driver,Default,100.9,191.9,32.2,15.0,-10.9,1.0,1.7,95.1,149.8,1.6,6.22 L,1.1,3.3,1857,7500 L,4.0,20.0,-4.9,10.38° closed,0.37° out-to-in,10.01° closed,,,0.3,3.9,3.6,4.1,0,3,14.6
77,2026-08-13T23:07:29.000Z,Huge Push Slice,Driver,Default,236.0,245.5,58.9,55.6,20.1,47.1,7.7,100.0,154.8,1.5,7.02 R,14.4,48.7,4627,1328 R,26.5,56.0,-0.3,7.01° open,0.06° in-to-out,6.95° open,,,-0.2,5.8,5.4,6,0,0,17.2
78,2026-08-13T23:07:29.000Z,Push,Driver,Default,257.2,271.2,15.4,14.3,4.8,45.8,7.6,100.1,157.5,1.6,1.59 R,15.5,44.5,3413,234 R,7.1,14.0,5.6,1.16° open,0.17° in-to-out,0.99° open,,,0.3,8.8,8.1,6.5,8.1,3,34.4
79,2026-08-13T23:07:29.000Z,Nuclear Hook,Driver,Default,161.7,164.1,32.6,31.7,-22.8,46.4,6.9,91.4,127.8,1.4,0.2 R,25.1,53.5,7042,2656 L,32.2,100.0,-0.7,2.96° closed,7.77° in-to-out,10.73° closed,,,0.2,0.3,4.8,1.5,0,0,6.6
80,2026-08-13T23:07:29.000Z,Slight Pull,Driver,Default,240.7,254.7,11.2,10.6,-2.7,34.1,6.9,97.3,151.5,1.6,2.38 L,11.9,39.7,3656,78 L,0.6,1.0,-2.3,2.36° closed,1.04° out-to-in,1.32° closed,,,0.4,7.7,8.1,4.8,8.1,6,34.6
81,2026-08-13T23:07:29.000Z,Baby Fade,Driver,Default,259.8,275.8,7.6,7.4,-0.6,37.1,7.2,101.5,160.9,1.6,2.73 L,12.3,41.3,3286,156 R,5.0,10.0,1.8,2.48° closed,1.57° out-to-in,0.91° closed,,,0.2,9.3,8.1,4.9,9.2,10,41.5
82,2026-08-13T23:07:29.000Z,Huge Slice,Driver,Default,227.0,236.5,68.8,64.2,28.9,40.5,7.2,99.4,152.9,1.5,3.82 R,12.8,46.4,4834,2656 R,49.0,100.0,-3.9,4.49° open,3.73° out-to-in,8.22° open,,,-0.2,4.2,4.7,5.3,0,0,14.2
83,2026-08-13T23:07:29.000Z,Push,Driver,Default,225.0,232.9,25.0,23.9,7.6,48.8,7.6,95.1,144.9,1.5,4.62 R,18.8,49.9,4237,234 R,5.7,13.0,4.4,3.97° open,1.81° in-to-out,2.16° open,,,0.6,6.8,8,5.1,5.7,3,28.6
1,2026-08-09T17:11:13.000Z,Huge Push,9 Iron,Default,124.9,128.4,24.4,23.6,12.5,24.7,4.9,70.4,89.6,1.3,9.17 R,28.1,42.9,2930,625 R,3.5,14.0,-1.4,8.7° open,4.22° in-to-out,4.48° open,,,0.1,2.7,1.6,2.6,0,0,6.9
2,2026-08-09T17:11:13.000Z,Push,9 Iron,Default,122.1,124.1,13.5,13.3,7.0,24.5,5.0,71.6,89.0,1.2,5.45 R,27.4,43.7,4681,625 R,1.6,7.0,-0.4,5.51° open,1.54° in-to-out,3.97° open,,,0.2,5,0.1,3.6,0.6,3,12.3
3,2026-08-09T17:11:13.000Z,Underdraw,9 Iron,Default,123.9,127.8,6.4,6.3,1.6,23.1,4.7,70.8,90.8,1.3,4.2 R,26.1,41.6,2988,156 L,2.8,11.0,-0.3,3.34° open,3.19° in-to-out,0.15° open,,,0.5,5.4,1.1,3.5,6.9,6,22.9
4,2026-08-09T17:11:13.000Z,Huge Push,9 Iron,Default,109.8,111.8,17.6,17.3,10.0,24.7,4.8,70.7,84.2,1.2,7.96 R,30.7,45.8,4529,625 R,1.9,9.0,-2.0,7.91° open,3.4° in-to-out,4.51° open,,,0.0,3.4,0,2,0,0,5.4
5,2026-08-09T17:11:13.000Z,Huge Push,9 Iron,Default,130.9,132.6,39.9,39.3,20.8,32.5,5.5,79.4,90.6,1.1,13.61 R,34.6,48.5,2552,938 R,7.6,29.0,-1.8,13.78° open,5.1° in-to-out,8.68° open,,,-0.4,4.4,0,0.2,0,0,4.6
6,2026-08-09T17:11:13.000Z,Huge Push Slice,9 Iron,Default,113.4,115.3,37.0,36.3,22.8,26.9,5.0,70.6,83.1,1.2,13.85 R,34.9,46.9,2596,1250 R,8.3,37.0,-2.3,14.31° open,4.64° in-to-out,9.67° open,,,-0.5,1.3,0,0,0,0,1.3
7,2026-08-09T17:11:13.000Z,Push Slice,9 Iron,Default,126.6,129.2,24.7,24.1,14.8,26.6,5.1,72.7,94.1,1.3,7 R,27.0,44.9,4147,1094 R,8.5,34.0,-0.4,7.31° open,1.28° in-to-out,6.03° open,,,-0.2,3.8,1.5,3.7,0,0,9
8,2026-08-09T17:11:13.000Z,Huge Push,9 Iron,Default,68.1,74.9,27.9,25.2,23.9,12.9,3.3,61.8,62.3,1.0,18.32 R,34.0,39.5,1651,1250 R,2.6,19.0,-3.6,17.9° open,6.56° in-to-out,11.34° open,,,-0.7,0,0,0,0,0,0
9,2026-08-09T17:11:13.000Z,Push,9 Iron,Default,130.0,134.4,20.8,20.0,10.7,24.8,4.9,71.1,92.0,1.3,6.9 R,27.0,41.6,2825,469 R,4.3,16.0,-0.9,6.7° open,2.92° in-to-out,3.78° open,,,-0.1,4.4,4,3.2,1.4,3,15.9
10,2026-08-09T17:11:13.000Z,Hook,9 Iron,Default,133.9,137.8,10.3,9.5,-10.8,25.9,4.8,74.0,94.7,1.3,2.64 R,29.1,41.5,2072,859 L,15.7,59.0,-1.6,1.37° open,4.7° in-to-out,3.33° closed,,,1.0,4.2,7.6,2.6,7.3,0,21.7
11,2026-08-09T17:11:13.000Z,Huge Push,9 Iron,Default,118.5,121.1,20.7,20.2,12.0,23.3,4.7,69.5,86.1,1.2,7.51 R,28.7,41.8,3164,781 R,4.5,19.0,-1.6,7.72° open,2.61° in-to-out,5.11° open,,,0.1,3.4,0,2.3,0,0,5.6
12,2026-08-09T17:11:13.000Z,Huge Push Slice,9 Iron,Default,112.4,115.4,28.5,27.6,18.0,19.7,4.5,70.2,88.6,1.3,10.12 R,23.2,39.7,6268,1875 R,7.5,33.0,-2.4,11.12° open,0.99° in-to-out,10.13° open,,,-0.4,3.2,0,7.5,0,0,10.7
13,2026-08-09T17:11:13.000Z,Huge Push Slice,9 Iron,Default,113.1,152.5,57.0,40.3,25.0,6.4,3.1,77.6,102.9,1.3,15.94 R,7.9,16.9,3337,10000 R,8.0,36.0,-4.3,17.38° open,0.34° in-to-out,17.04° open,,,-0.7,6,0,2,0,0,8
14,2026-08-09T17:11:13.000Z,Huge Push,7 Iron,Default,130.5,138.5,14.4,13.8,4.8,18.9,4.4,72.0,97.6,1.4,7.25 R,19.0,35.6,3826,156 L,2.8,11.0,-1.2,6.28° open,5.92° in-to-out,0.36° open,,,0.2,3.1,0,5.2,1.4,0,9.7
15,2026-08-09T17:11:13.000Z,Shank,7 Iron,Default,23.4,105.7,115.4,33.2,91.3,0.4,0.5,74.5,99.6,1.3,54.29 R,4.1,4.3,1272,0,0.6,12.0,0.9,9.26° open,4.32° out-to-in,13.58° open,,,-0.8,1.4,0,0.1,0,0,1.4
16,2026-08-09T17:11:13.000Z,Top,7 Iron,Default,18.5,78.1,5.7,1.3,-4.3,0.6,0.5,66.3,80.3,1.2,3.77 L,7.4,7.9,503,625 R,0.1,2.0,2.9,2.48° closed,5.04° out-to-in,2.56° open,,,-0.2,3.3,0,0.7,10,0,14
17,2026-08-09T17:11:13.000Z,Huge Push,7 Iron,Default,155.2,175.3,23.2,20.7,7.3,14.1,4.6,81.5,116.3,1.4,7.99 R,9.4,28.9,4336,156 R,1.1,4.0,-5.2,7.35° open,4.81° in-to-out,2.54° open,,,0.1,5.1,5.5,5,0,0,15.6
18,2026-08-09T17:11:13.000Z,Slight Push,7 Iron,Default,165.9,176.5,6.2,6.0,1.2,23.5,5.3,79.1,113.4,1.4,2.93 R,17.0,36.8,3921,78 L,2.5,8.0,-1.5,2.45° open,1.75° in-to-out,0.7° open,,,1.3,6.7,10,7.2,7.7,6,37.6
19,2026-08-09T17:11:13.000Z,Huge Push,7 Iron,Default,124.4,140.6,31.7,27.2,15.9,16.5,3.9,71.8,94.2,1.3,9.18 R,20.3,32.3,1848,625 R,7.1,29.0,0.6,8.59° open,4.05° in-to-out,4.54° open,,,-0.3,2.6,0,3.9,0,0,6.5
20,2026-08-09T17:11:13.000Z,Huge Hook,7 Iron,Default,142.5,164.5,24.1,18.4,-14.7,12.7,4.2,79.8,112.0,1.4,0.2 L,10.6,27.5,3933,10000 L,17.9,63.0,-4.5,13.06° closed,0.07° in-to-out,13.13° closed,,,0.1,4,2.8,4.3,0,0,11
21,2026-08-09T17:11:13.000Z,Shank,7 Iron,Default,101.4,131.4,97.9,73.0,55.4,10.7,3.0,70.5,91.1,1.3,29.14 R,19.2,25.4,1277,10000 R,16.5,81.0,0.6,15.55° open,5.41° out-to-in,20.96° open,,,-0.7,0.5,0,4.4,0,0,4.8
22,2026-08-09T17:11:13.000Z,Shank,7 Iron,Default,34.6,122.4,94.6,26.4,51.0,0.4,0.8,77.9,106.4,1.4,36.62 R,2.7,2.9,1750,1250 R,0.7,10.0,-2.0,22.92° open,8.27° in-to-out,14.65° open,,,-0.7,0.5,0,0.5,0,0,1
23,2026-08-09T17:11:13.000Z,Push,7 Iron,Default,156.9,166.6,19.6,18.4,7.0,22.6,5.3,78.2,110.3,1.4,6.4 R,16.6,37.4,4287,313 R,0.8,3.0,-1.9,5.99° open,2.91° in-to-out,3.08° open,,,0.2,5.1,6.7,7.1,3,3,24.8
24,2026-08-09T17:11:13.000Z,Baby Draw,7 Iron,Default,138.1,156.9,2.6,3.0,-1.0,19.0,4.1,75.8,100.1,1.3,3.49 R,22.2,31.8,1676,156 L,5.4,20.0,-0.2,2.78° open,2.6° in-to-out,0.18° open,,,0.7,5.7,1.2,3.2,10,10,30.1
25,2026-08-09T17:11:13.000Z,Huge Push Draw,7 Iron,Default,147.0,162.4,11.2,11.0,0.6,15.4,4.6,79.8,111.0,1.4,7.92 R,11.7,31.5,4523,625 L,9.5,32.0,-5.0,6.65° open,7.95° in-to-out,1.3° closed,,,0.7,4,4.1,5.6,3.8,0,17.4
26,2026-08-09T17:11:13.000Z,Shank,7 Iron,Default,22.2,87.7,61.9,15.6,45.0,0.7,0.6,71.4,88.0,1.2,34.91 R,7.3,7.6,443,0,0.1,3.0,3.4,12.22° open,4.55° in-to-out,7.67° open,,,-0.7,1.1,0,0.7,0,0,1.8
27,2026-08-09T17:11:13.000Z,Huge Push,7 Iron,Default,162.4,170.6,33.9,31.8,14.4,27.7,5.7,79.0,112.4,1.4,8.09 R,18.9,41.3,4334,938 R,8.7,27.0,-1.3,8.13° open,2.38° in-to-out,5.75° open,,,-0.1,3.6,0.7,7.5,0,0,11.8
28,2026-08-09T17:11:13.000Z,Push,7 Iron,Default,83.1,102.4,11.5,9.4,6.4,8.1,3.0,61.0,76.8,1.3,6.6 R,16.7,24.6,3863,0,0.2,1.0,-1.8,5.77° open,5.14° in-to-out,0.63° open,,,-0.1,3.7,0,5.3,0.6,3,12.6
29,2026-08-09T17:11:13.000Z,Huge Push,7 Iron,Default,141.3,151.3,37.0,34.0,17.1,18.0,4.6,77.1,106.0,1.4,10.49 R,15.0,33.7,4160,938 R,7.9,28.0,-2.5,10.18° open,3.49° in-to-out,6.69° open,,,-0.2,2.2,0,5.5,0,0,7.7
30,2026-08-09T17:11:13.000Z,Shank,7 Iron,Default,19.1,101.0,48.8,9.2,29.0,0.4,0.4,75.3,101.6,1.4,25.37 R,4.8,4.7,966,937 L,0.1,3.0,3.0,12.75° open,8.62° in-to-out,4.13° open,,,-0.6,1.5,0,0.1,0,0,1.7
31,2026-08-09T17:11:13.000Z,Top,7 Iron,Default,64.4,90.7,8.9,7.1,3.8,5.9,2.3,63.3,72.7,1.1,8.85 R,20.6,22.8,50,312 L,2.9,22.0,-2.0,7.75° open,7.86° in-to-out,0.11° closed,,,-0.2,3,0,3.8,5.3,0,12.1
32,2026-08-09T17:11:13.000Z,Slight Push,7 Iron,Default,144.4,157.4,4.8,4.5,1.2,18.4,4.7,75.9,102.8,1.4,2.36 R,17.1,33.2,4661,156 L,1.5,5.0,-2.4,1.64° open,1.7° in-to-out,0.06° closed,,,0.7,6.2,3.2,7.1,7.7,6,30.1
33,2026-08-09T17:11:13.000Z,Shank,7 Iron,Default,19.5,89.9,79.6,17.2,62.5,0.5,0.5,71.3,89.0,1.2,40.72 R,5.8,5.5,800,156 L,0.4,9.0,3.5,9.37° open,0.6° in-to-out,8.77° open,,,-0.7,3,0,0,0,0,3
34,2026-08-09T17:11:13.000Z,Huge Push Draw,7 Iron,Default,153.8,162.7,9.6,9.6,-0.1,22.7,5.3,79.2,111.3,1.4,7.18 R,16.2,38.1,4856,625 L,9.8,32.0,-3.5,5.69° open,7.83° in-to-out,2.14° closed,,,0.8,3.7,6.2,8.1,6.9,0,24.9
35,2026-08-09T17:11:13.000Z,Huge Push,7 Iron,Default,125.6,130.4,26.0,24.9,13.7,19.4,4.3,71.5,93.6,1.3,8.98 R,21.8,35.3,3033,625 R,5.0,20.0,-0.0,8.46° open,3.97° in-to-out,4.49° open,,,0.1,2.7,0,3.4,0,0,6.1
36,2026-08-09T17:11:13.000Z,Huge Push Slice,7 Iron,Default,140.7,142.6,37.2,36.6,19.3,23.2,5.0,75.3,102.4,1.4,10.53 R,20.2,39.0,4746,1406 R,10.4,37.0,-1.5,10.59° open,2.45° in-to-out,8.14° open,,,-0.3,2.8,0,6.4,0,0,9.2
37,2026-08-09T17:11:13.000Z,Huge Push,7 Iron,Default,168.5,174.7,29.6,28.4,11.7,31.1,6.1,82.3,118.0,1.4,7.55 R,19.0,44.9,5198,781 R,6.0,18.0,-1.6,7.52° open,2.25° in-to-out,5.27° open,,,-0.0,5.3,2.6,9.4,0,0,17.3
38,2026-08-09T17:11:13.000Z,Push,7 Iron,Default,119.9,134.2,13.3,11.9,5.7,14.1,4.1,69.7,91.3,1.3,5.72 R,18.0,30.7,4480,0,0.1,0.0,-1.7,5.1° open,3.88° in-to-out,1.22° open,,,0.1,4.6,0,6.7,2.2,3,16.5
39,2026-08-09T17:11:13.000Z,Push,7 Iron,Default,167.8,178.5,16.8,15.4,7.5,21.6,5.4,81.8,118.2,1.4,3.05 R,13.1,36.4,4707,625 R,6.5,19.0,-4.0,3.09° open,0.65° out-to-in,3.74° open,,,0.2,6.4,8.5,7.3,3.8,3,29
40,2026-08-09T17:11:13.000Z,Baby Draw,7 Iron,Default,173.5,182.5,5.8,5.0,-5.0,26.0,5.7,82.6,120.5,1.5,1.68 R,15.3,40.6,4754,625 L,10.1,29.0,-2.6,0.77° open,2.88° in-to-out,2.11° closed,,,0.7,7.4,10,8.1,8.4,10,43.9
41,2026-08-09T17:11:13.000Z,Huge Push,7 Iron,Default,144.5,168.5,28.5,24.5,9.6,17.9,4.1,78.3,102.3,1.3,9.83 R,21.2,30.4,1772,0,0.5,2.0,0.1,8.67° open,7.07° in-to-out,1.6° open,,,-0.0,3.5,2.5,3.7,2.2,0,11.9
42,2026-08-09T17:11:13.000Z,Baby Draw,7 Iron,Default,154.5,167.7,3.5,3.8,-1.4,20.8,4.9,77.0,107.5,1.4,4.27 R,17.8,35.7,3506,469 L,7.7,25.0,-1.1,3.13° open,4.7° in-to-out,1.57° closed,,,1.7,4.3,6.3,6,9.2,10,35.8
43,2026-08-09T17:11:13.000Z,Huge Push,7 Iron,Default,127.6,140.2,26.4,23.4,13.9,18.4,4.0,72.2,95.6,1.3,7.19 R,22.2,33.3,1813,469 R,7.3,29.0,0.1,6.88° open,3.06° in-to-out,3.82° open,,,0.1,3.9,0,3.2,3,0,10
44,2026-08-09T17:11:13.000Z,Underdraw,7 Iron,Default,129.0,137.6,8.7,8.4,2.4,18.3,4.6,73.6,95.9,1.3,5 R,18.7,36.4,5411,312 L,2.9,11.0,-3.3,3.9° open,4.86° in-to-out,0.96° closed,,,0.2,3.9,0,7.6,5.3,6,22.8
45,2026-08-09T17:11:13.000Z,Push,7 Iron,Default,107.0,131.6,17.9,13.7,9.8,12.4,3.2,70.1,90.3,1.3,4.83 R,20.3,27.0,1359,156 R,4.6,22.0,0.5,4.32° open,2.36° in-to-out,1.96° open,,,0.1,5.7,0,3.9,6.1,3,18.8
46,2026-08-09T17:11:13.000Z,Top,7 Iron,Default,35.9,105.2,40.9,13.6,23.2,1.2,0.8,72.3,95.0,1.3,19.96 R,7.9,8.2,735,625 L,0.6,8.0,3.7,13.48° open,9.49° in-to-out,3.99° open,,,-0.5,1.5,0,0.9,0,0,2.4
47,2026-08-09T17:11:13.000Z,Baby Draw,7 Iron,Default,171.5,180.1,4.9,4.3,-4.3,27.2,5.7,80.4,116.9,1.5,1.36 R,17.9,40.4,4025,469 L,8.4,24.0,-0.6,0.35° open,2° in-to-out,1.65° closed,,,0.8,7.2,10,7.9,8.4,10,43.5
48,2026-08-09T17:11:13.000Z,Slight Push,7 Iron,Default,164.3,173.5,8.1,7.5,3.9,24.1,5.5,80.5,115.4,1.4,1.29 R,15.4,39.2,4710,313 R,3.8,11.0,-3.1,0.85° open,0.86° out-to-in,1.71° open,,,1.3,7.2,10,8.2,6.9,6,38.3
49,2026-08-09T17:11:13.000Z,Baby Draw,7 Iron,Default,181.6,189.9,2.8,2.2,-3.8,29.9,6.0,82.2,121.0,1.5,2.41 R,18.2,41.6,3845,469 L,9.9,27.0,0.4,1.62° open,2.84° in-to-out,1.22° closed,,,0.2,7.3,7.5,7.3,10,10,42.1
50,2026-08-09T17:11:13.000Z,Push,7 Iron,Default,129.9,142.5,15.5,14.1,6.3,16.8,4.3,71.1,95.0,1.3,6.03 R,19.5,32.5,3005,156 R,0.3,1.0,-0.3,5.59° open,3.26° in-to-out,2.33° open,,,0.3,4.8,0,4.4,3.8,3,15.9
51,2026-08-09T17:11:13.000Z,Huge Push Slice,7 Iron,Default,158.6,167.8,41.8,38.8,18.6,24.8,5.3,78.6,111.5,1.4,9.45 R,18.4,40.7,3887,1094 R,12.4,39.0,-1.0,9.32° open,2.73° in-to-out,6.59° open,,,-0.2,3.1,0,6.8,0,0,9.9
52,2026-08-09T17:11:13.000Z,Push Slice,7 Iron,Default,130.7,143.5,22.5,19.7,12.4,16.8,4.4,70.6,95.3,1.4,4.91 R,19.2,32.6,3600,938 R,8.5,32.0,-1.1,5.12° open,0.04° out-to-in,5.16° open,,,0.2,3.6,0,4.9,0.6,0,9.1
53,2026-08-09T17:11:13.000Z,Straight Draw,7 Iron,Default,138.9,146.7,6.6,5.9,-5.2,19.9,4.9,74.8,101.4,1.4,0.37 R,18.0,36.9,4616,625 L,6.8,24.0,-2.0,0.68° closed,2° in-to-out,2.68° closed,,,0.4,5.6,1.5,7,7.7,6,27.8
54,2026-08-09T17:11:13.000Z,Baby Draw,7 Iron,Default,157.1,165.2,2.4,2.5,-0.5,25.5,5.5,77.9,108.9,1.4,2.31 R,19.0,40.6,4791,312 L,3.9,12.0,-1.8,1.52° open,2.25° in-to-out,0.73° closed,,,1.5,6.3,7.1,7.7,10,10,41
55,2026-08-09T17:11:13.000Z,Push,7 Iron,Default,157.2,165.9,20.3,19.2,7.7,24.1,5.4,77.8,108.0,1.4,6.24 R,18.8,39.1,5214,469 R,2.0,6.0,-2.9,5.94° open,2.31° in-to-out,3.63° open,,,0.1,5,6.5,8.1,1.4,3,24
56,2026-08-09T17:11:13.000Z,Baby Draw,7 Iron,Default,158.4,168.4,8.1,8.0,0.4,23.5,5.3,77.5,108.6,1.4,5.43 R,19.0,37.7,4099,312 L,7.0,22.0,-1.2,4.49° open,5.11° in-to-out,0.62° closed,,,1.3,4.1,7.6,6.4,6.9,10,34.9
57,2026-08-09T17:11:13.000Z,Baby Draw,7 Iron,Default,169.0,176.7,3.2,3.3,-1.0,28.2,5.8,80.1,115.7,1.4,3.23 R,18.6,43.2,4205,312 L,6.2,18.0,-0.6,2.5° open,2.91° in-to-out,0.41° closed,,,1.4,6.4,10,7.8,8.8,10,43.1
58,2026-08-09T17:11:13.000Z,Baby Draw,7 Iron,Default,159.7,171.8,1.5,0.8,-3.5,24.3,5.0,79.8,113.0,1.4,2.9 R,18.3,40.1,2555,469 L,8.9,28.0,1.6,2.15° open,3.26° in-to-out,1.11° closed,,,2.2,6,7.9,6.3,10,10,40.3
59,2026-08-09T17:11:13.000Z,Overdraw,7 Iron,Default,154.8,165.2,12.4,10.6,-10.2,20.7,5.0,79.2,112.7,1.4,2.3 R,15.4,37.9,4229,1250 L,16.8,54.0,-2.5,0.67° open,6.31° in-to-out,5.64° closed,,,0.7,1,6.5,6.9,6.1,6,26.5
60,2026-08-09T17:11:13.000Z,Push Slice,7 Iron,Default,131.5,135.9,23.0,22.0,13.3,19.3,4.5,73.2,98.1,1.3,5.84 R,18.7,36.7,4676,1250 R,8.5,32.0,-1.9,6.2° open,0.08° out-to-in,6.28° open,,,0.1,3,0,6.8,0,0,9.8
61,2026-08-09T17:11:13.000Z,Baby Draw,7 Iron,Default,157.5,170.0,4.3,3.2,-4.9,18.5,5.0,81.4,115.7,1.4,2.6 R,12.3,34.7,4935,859 L,10.4,33.0,-5.3,1.34° open,5.18° in-to-out,3.84° closed,,,1.7,3.8,7.3,7.2,10,10,38.4
62,2026-08-09T17:11:13.000Z,Underdraw,7 Iron,Default,166.7,174.3,16.7,16.1,4.3,28.0,5.8,80.0,115.2,1.4,6.79 R,18.2,42.7,4504,156 L,3.8,11.0,-1.4,5.87° open,5.38° in-to-out,0.49° open,,,0.2,4.5,8.3,8.5,4.5,6,31.8
63,2026-08-09T17:11:13.000Z,Push,7 Iron,Default,153.9,162.1,9.9,9.5,2.7,24.3,5.3,77.1,106.9,1.4,4.35 R,19.6,39.9,4743,156 L,2.2,7.0,-1.6,3.47° open,3.3° in-to-out,0.17° open,,,0.7,5.4,6.2,7,6.9,3,28.5
64,2026-08-09T17:11:13.000Z,Push,7 Iron,Default,161.9,169.1,14.9,14.1,6.0,26.9,5.8,82.9,117.1,1.4,3.99 R,15.7,43.0,5970,156 R,2.8,9.0,-5.1,3.48° open,1.58° in-to-out,1.9° open,,,0.7,8.3,8.6,8.8,4.5,3,33.2
65,2026-08-09T17:11:13.000Z,Baby Draw,7 Iron,Default,162.6,170.5,1.6,1.3,-2.4,26.7,5.7,79.7,113.9,1.4,1.53 R,17.9,41.9,4714,312 L,5.6,17.0,-1.9,0.7° open,1.63° in-to-out,0.93° closed,,,2.6,6.9,10,8.9,10,10,45.8
66,2026-08-09T17:11:13.000Z,Push,,,183.3,190.2,13.9,13.4,4.3,35.0,6.5,85.7,125.6,1.5,4.04 R,17.9,45.5,4968,0,0.4,1.0,-1.1,3.41° open,2.15° in-to-out,1.26° open,,,0.1,9.4,6.8,8.5,6.1,3,33.8
67,2026-08-09T17:11:13.000Z,Baby Draw,7 Iron,Default,175.5,182.2,0.1,0.3,-3.4,32.4,6.2,83.1,121.0,1.5,3.58 R,18.8,44.8,4680,625 L,10.7,31.0,-0.3,2.58° open,4.32° in-to-out,1.74° closed,,,0.8,6.6,10,8.5,10,10,45.1
68,2026-08-09T17:11:13.000Z,Huge Hook,7 Iron,Default,162.5,172.8,23.3,20.6,-15.0,21.7,5.3,81.2,117.3,1.4,0.42 R,14.6,37.0,4599,1562 L,21.8,67.0,-2.9,1.49° closed,5.99° in-to-out,7.48° closed,,,0.1,1.5,6.2,7.7,3,0,18.4
69,2026-08-09T17:11:13.000Z,Huge Push,7 Iron,Default,143.0,161.4,36.5,31.4,16.0,19.2,4.3,76.0,100.1,1.3,9.22 R,22.9,32.3,1822,469 R,8.2,29.0,-0.3,8.56° open,4.67° in-to-out,3.89° open,,,-0.2,2.8,0.3,2.9,0.6,0,6.6
70,2026-08-09T17:11:13.000Z,Straight Draw,7 Iron,Default,153.4,162.8,12.3,10.9,-8.9,22.4,5.1,77.9,109.9,1.4,0.71 R,17.6,39.2,3854,937 L,12.8,42.0,-1.4,0.6° closed,3.55° in-to-out,4.15° closed,,,0.7,3.7,6.1,6.7,6.1,6,28.6
71,2026-08-09T17:11:13.000Z,Huge Push Slice,7 Iron,Default,165.2,172.0,55.2,52.2,25.0,31.5,5.7,82.6,112.6,1.4,11.38 R,23.0,44.0,2661,1250 R,19.0,58.0,2.7,11.2° open,3.68° in-to-out,7.52° open,,,-0.4,3.9,0,4.3,0,0,8.2
72,2026-08-09T17:11:13.000Z,Push Slice,7 Iron,Default,165.6,171.7,33.8,32.1,16.3,32.2,6.0,80.5,115.3,1.4,5.93 R,20.5,45.1,4533,1250 R,14.9,45.0,-0.2,6.11° open,0.03° out-to-in,6.14° open,,,-0.1,4.2,0.7,7.6,0,0,12.5
73,2026-08-09T17:11:13.000Z,Huge Push Slice,7 Iron,Default,107.7,122.2,39.9,34.1,23.4,15.2,3.5,69.7,88.0,1.3,12.93 R,23.4,31.7,1498,938 R,9.3,43.0,-0.7,12.43° open,5.23° in-to-out,7.2° open,,,-0.5,0.6,0,2.6,0,0,3.2
74,2026-08-09T17:11:13.000Z,Baby Draw,7 Iron,Default,173.2,181.2,4.4,4.4,-0.3,28.5,5.9,81.9,119.3,1.5,3.2 R,17.0,41.6,4588,312 L,5.3,15.0,-1.7,2.49° open,2.89° in-to-out,0.4° closed,,,0.8,7.1,10,8.7,8.4,10,44.2
75,2026-08-09T17:11:13.000Z,Huge Push,7 Iron,Default,94.1,112.5,21.0,17.1,12.4,10.8,3.3,63.9,80.6,1.3,8.41 R,19.2,28.2,2561,625 R,3.2,17.0,0.0,8.03° open,3.45° in-to-out,4.58° open,,,-0.1,3,0,4.4,0,0,7.4
76,2026-08-09T17:11:13.000Z,Underdraw,7 Iron,Default,170.5,179.5,8.4,8.2,1.6,27.6,5.7,80.2,113.8,1.4,3.85 R,20.0,41.3,3284,156 L,3.3,10.0,1.6,3.12° open,2.65° in-to-out,0.47° open,,,0.7,6.6,10,6,7.7,6,36.2
77,2026-08-09T17:11:13.000Z,Push,7 Iron,Default,159.6,169.5,11.9,11.2,4.2,23.8,5.3,77.3,108.0,1.4,3.87 R,18.9,37.8,4364,156 R,0.4,1.0,-1.5,3.34° open,1.58° in-to-out,1.76° open,,,0.8,6.4,8,6.8,5.3,3,29.5
78,2026-08-09T17:11:13.000Z,Push,7 Iron,Default,146.0,166.2,22.7,19.1,10.5,12.0,4.4,82.7,114.7,1.4,4.5 R,7.7,27.2,5147,938 R,7.6,26.0,-5.3,4.8° open,0.61° out-to-in,5.41° open,,,0.1,5.6,3.9,5.5,0,3,18
79,2026-08-09T17:11:13.000Z,Huge Push Slice,7 Iron,Default,151.7,156.6,40.3,38.5,20.2,30.0,5.7,78.7,104.3,1.3,9.01 R,24.5,43.6,4261,1719 R,14.5,48.0,0.3,9.61° open,0.95° in-to-out,8.66° open,,,-0.2,3.7,0,3.8,0,0,7.5
80,2026-08-09T17:11:13.000Z,Push,7 Iron,Default,137.5,142.5,14.1,13.6,6.0,23.2,5.1,73.2,97.8,1.3,5.37 R,22.3,39.8,5094,313 R,0.7,2.0,-1.4,5.1° open,2.27° in-to-out,2.83° open,,,0.3,5.2,1.2,5.9,3,3,18.3
81,2026-08-09T17:11:13.000Z,Top,5 Iron,Default,78.5,120.9,7.5,4.2,4.5,5.8,2.2,69.0,86.5,1.3,1.56 R,15.9,17.8,246,156 R,2.1,13.0,0.0,1.07° open,0.09° out-to-in,1.16° open,,,0.1,6,0,4.9,9.2,0,20.1
82,2026-08-09T17:11:13.000Z,Slight Push,5 Iron,Default,149.9,167.8,2.2,2.1,0.2,16.0,4.6,77.8,108.3,1.4,1.38 R,13.9,29.9,3731,156 L,1.5,5.0,-2.0,0.6° open,0.95° in-to-out,0.35° closed,,,0.6,6.4,0,6,10,6,28.4
83,2026-08-09T17:11:13.000Z,Baby Draw,5 Iron,Default,136.3,160.7,0.6,0.4,-2.4,12.5,4.0,74.4,102.7,1.4,2.78 R,13.7,25.6,3189,625 L,6.2,23.0,-1.4,1.75° open,4.43° in-to-out,2.68° closed,,,0.5,3.7,0,4.8,10,10,28.5
84,2026-08-09T17:11:13.000Z,Huge Push Slice,5 Iron,Default,191.3,202.6,51.4,47.7,18.6,27.2,5.9,84.3,126.7,1.5,10.09 R,15.2,38.6,3637,1094 R,13.7,36.0,0.2,9.83° open,2.9° in-to-out,6.93° open,,,-0.2,5.2,0,8.1,0,0,13.2
85,2026-08-09T17:11:13.000Z,Huge Hook,5 Iron,Default,170.0,188.7,34.9,28.9,-18.5,17.9,4.9,82.4,122.6,1.5,1.07 L,12.4,31.4,3461,10000 L,25.7,76.0,-1.9,13.99° closed,0.14° in-to-out,14.13° closed,,,0.0,4.9,2.9,6.6,0,0,14.4
86,2026-08-09T17:11:13.000Z,Push,5 Iron,Default,187.7,197.1,24.8,23.6,7.7,28.6,6.0,85.9,128.0,1.5,6.64 R,14.3,40.6,4576,313 R,1.7,5.0,-2.5,6.18° open,2.89° in-to-out,3.29° open,,,0.2,7.9,6.2,9.1,3,3,29.2
87,2026-08-09T17:11:13.000Z,Baby Draw,5 Iron,Default,114.7,145.8,5.6,3.2,-4.5,9.1,3.4,73.2,98.1,1.3,1.37 R,11.3,22.6,3192,625 L,5.9,26.0,-2.1,0.11° open,3.43° in-to-out,3.32° closed,,,0.3,4,0,3.8,10,10,27.7
88,2026-08-09T17:11:13.000Z,Huge Push,5 Iron,Default,76.0,115.2,17.9,12.3,8.3,5.1,2.3,65.4,80.9,1.2,10.16 R,13.1,16.7,1767,0,1.4,9.0,0.6,8.92° open,7.2° in-to-out,1.72° open,,,0.0,3,0,3.9,0,0,6.9
89,2026-08-09T17:11:13.000Z,Baby Draw,5 Iron,Default,169.3,182.2,1.4,0.3,-4.8,20.8,5.2,81.3,118.9,1.5,4.59 R,13.5,34.8,4049,781 L,13.9,41.0,-2.5,3.18° open,6.36° in-to-out,3.18° closed,,,1.5,3.6,4.6,7.9,10,10,36
90,2026-08-09T17:11:13.000Z,Baby Draw,5 Iron,Default,151.9,174.9,2.9,0.9,-5.1,15.0,4.4,77.7,109.5,1.4,4.45 R,14.0,27.5,3079,937 L,12.7,42.0,-1.2,2.91° open,6.88° in-to-out,3.97° closed,,,0.8,1.9,0,5,10,10,26.9
91,2026-08-09T17:11:13.000Z,Baby Draw,5 Iron,Default,186.2,197.7,1.0,1.7,-3.3,24.2,5.7,86.1,128.9,1.5,4.3 R,11.7,37.5,4547,625 L,12.3,33.0,-3.9,3.2° open,4.9° in-to-out,1.7° closed,,,1.5,7.4,10,7.9,10,10,45.3
92,2026-08-09T17:11:13.000Z,Huge Push,5 Iron,Default,134.8,181.1,36.3,26.4,12.3,5.5,3.4,82.3,117.2,1.4,10.16 R,4.3,14.1,3600,10000 R,2.3,8.0,-5.2,14.38° open,0.01° out-to-in,14.39° open,,,0.0,4.9,0,2.8,0,0,7.6
93,2026-08-09T17:11:13.000Z,Huge Push,5 Iron,Default,146.0,162.9,31.6,27.5,14.1,16.0,4.5,76.7,105.7,1.4,7.51 R,14.6,30.1,3853,938 R,8.3,28.0,-2.0,7.62° open,1.58° in-to-out,6.04° open,,,-0.1,3.3,0,6.5,0,0,9.7
94,2026-08-09T17:11:13.000Z,Baby Draw,5 Iron,Default,196.9,207.9,5.4,5.5,-0.5,28.2,6.1,89.4,135.2,1.5,3.68 R,12.1,41.0,4575,312 L,7.1,18.0,-3.6,2.95° open,3.15° in-to-out,0.2° closed,,,0.4,9.1,10,7.1,8.4,10,44.6
95,2026-08-09T17:11:13.000Z,Straight Draw,5 Iron,Default,186.8,198.1,12.2,10.9,-6.5,24.4,5.8,86.5,129.6,1.5,0.17 L,11.5,37.8,4666,703 L,10.3,28.0,-4.1,1.01° closed,2.13° in-to-out,3.14° closed,,,0.9,8.8,9.6,7.7,6.5,6,38.6
96,2026-08-09T17:11:13.000Z,Underdraw,5 Iron,Default,176.1,201.3,11.9,11.3,1.4,14.3,4.8,84.8,127.0,1.5,5.9 R,7.5,26.8,3899,156 L,6.9,20.0,-4.2,5.26° open,4.41° in-to-out,0.85° open,,,0.4,7.2,6.9,5.4,5.3,6,30.8
97,2026-08-09T17:11:13.000Z,Huge Push,5 Iron,Default,178.5,186.6,40.9,38.8,15.6,28.5,6.0,84.7,124.5,1.5,9.31 R,15.2,41.2,4883,1094 R,9.5,27.0,-2.8,9.17° open,2.41° in-to-out,6.76° open,,,-0.0,5.7,0,9.7,0,0,15.4
98,2026-08-09T17:11:13.000Z,Baby Draw,5 Iron,Default,185.8,195.1,6.8,6.7,0.4,27.3,6.0,87.5,130.6,1.5,3.69 R,12.4,40.2,5047,234 L,5.3,14.0,-4.5,3.01° open,2.9° in-to-out,0.11° open,,,1.5,9.3,10,7.6,7.7,10,44.5
99,2026-08-09T17:11:13.000Z,Baby Draw,5 Iron,Default,163.9,181.4,6.1,6.2,-0.3,16.5,4.9,82.8,120.5,1.5,4.58 R,9.7,31.9,4426,312 L,6.9,21.0,-4.4,3.76° open,4.13° in-to-out,0.37° closed,,,1.4,6.5,3,7.1,6.9,10,33.5
100,2026-08-09T17:11:13.000Z,Push,5 Iron,Default,162.0,174.8,27.2,24.7,11.6,20.2,5.1,79.6,113.8,1.4,5.88 R,14.3,34.5,4116,781 R,8.0,25.0,-2.9,5.98° open,0.91° in-to-out,5.07° open,,,0.5,4.5,2.7,7.5,0.6,3,18.3
101,2026-08-09T17:11:13.000Z,Huge Hook,5 Iron,Default,176.6,190.0,26.0,22.3,-15.9,20.9,5.3,84.6,126.6,1.5,1.35 R,11.8,34.8,4131,10000 L,26.5,75.0,-2.5,11.28° closed,2.16° in-to-out,13.44° closed,,,0.2,5.8,6.2,7.7,0,0,19.8
102,2026-08-09T17:11:13.000Z,Underdraw,5 Iron,Default,140.3,158.7,8.4,8.1,0.9,13.9,4.3,78.3,107.4,1.4,5.67 R,11.9,30.3,4132,469 L,5.9,21.0,-4.2,4.6° open,6.01° in-to-out,1.41° closed,,,0.4,3.5,0,6,6.1,6,21.6
103,2026-08-09T17:11:13.000Z,Push,5 Iron,Default,189.8,204.5,24.9,22.7,8.8,22.6,5.6,85.5,128.8,1.5,4.87 R,11.1,35.4,4035,469 R,6.5,17.0,-3.1,4.57° open,1.02° in-to-out,3.55° open,,,0.2,8.2,6.7,7,3.8,3,28.6
104,2026-08-09T17:11:13.000Z,Baby Draw,5 Iron,Default,148.8,169.1,2.8,3.8,-2.5,15.5,4.4,78.0,109.6,1.4,5.4 R,13.6,30.2,3447,625 L,10.3,35.0,-1.9,4.12° open,6.58° in-to-out,2.46° closed,,,0.6,3.1,0,5.4,8.1,10,26.5
105,2026-08-09T17:11:13.000Z,Pull Hook,5 Iron,Default,147.0,170.2,30.4,23.6,-17.0,13.2,4.3,79.7,113.2,1.4,1.4 L,11.3,26.6,3612,10000 L,20.0,68.0,-3.0,14.15° closed,0.18° out-to-in,13.97° closed,,,0.0,3.9,0,5.1,0,0,8.9
106,2026-08-09T17:11:13.000Z,Pull,8 Iron,Default,102.5,116.6,9.7,8.2,-6.4,14.0,3.7,66.1,82.6,1.3,2.69 L,21.6,32.2,2653,625 L,3.3,16.0,0.2,2.99° closed,0.23° in-to-out,3.22° closed,,,-0.0,5.1,0,4.6,5.3,3,18
107,2026-08-09T17:11:13.000Z,Huge Push Slice,8 Iron,Default,112.3,114.6,47.6,46.3,31.9,23.3,4.5,69.5,84.6,1.2,15.72 R,31.1,42.0,2694,10000 R,14.7,66.0,-2.4,11.27° open,3.47° out-to-in,14.74° open,,,-0.6,1.9,0,0.6,0,0,2.6
108,2026-08-09T17:11:13.000Z,Huge Push Slice,8 Iron,Default,113.8,119.5,24.0,22.5,14.9,19.3,4.4,69.2,86.1,1.2,7.81 R,24.8,38.0,3965,1250 R,6.9,30.0,-0.1,8.42° open,1.01° in-to-out,7.41° open,,,-0.0,3,0,3.7,0,0,6.7
109,2026-08-09T17:11:13.000Z,Push,8 Iron,Default,132.2,137.0,19.6,18.8,10.3,24.5,4.9,70.7,91.2,1.3,5.93 R,27.7,40.1,2564,469 R,5.0,19.0,-1.4,5.76° open,2.25° in-to-out,3.51° open,,,0.2,4.8,0,2.1,3,3,12.8
110,2026-08-09T17:11:13.000Z,Slight Push,,,178.1,190.0,6.1,5.7,1.8,31.3,5.5,85.7,117.1,1.4,1.84 R,23.2,43.9,2041,0,0.0,0.0,3.5,1.27° open,0.64° in-to-out,0.63° open,,,-0.1,9.7,3.7,5.2,9,6,33.6
111,2026-08-09T17:11:13.000Z,Push,8 Iron,Default,148.7,154.8,9.0,8.5,5.3,26.7,5.5,76.9,104.6,1.4,1.24 R,21.6,41.8,5469,625 R,5.2,18.0,-1.7,0.94° open,1.76° out-to-in,2.7° open,,,1.1,6.8,6.5,8.4,5.3,3,30
112,2026-08-09T17:11:13.000Z,Push,,,162.4,169.1,9.3,8.9,2.9,31.4,5.9,80.6,110.8,1.4,3.39 R,22.7,43.1,3902,0,0.7,2.0,0.5,2.88° open,1.74° in-to-out,1.14° open,,,0.6,9.1,9.8,6.5,7.3,3,35.7
113,2026-08-09T17:11:13.000Z,Baby Draw,,,161.4,174.0,1.9,1.0,-3.9,19.8,5.1,81.3,116.6,1.4,3.19 R,12.8,34.7,4697,781 L,10.0,31.0,-4.6,1.98° open,5.28° in-to-out,3.3° closed,,,0.6,6,10,4.4,10,10,40.4
114,2026-08-09T17:11:13.000Z,Baby Draw,8 Iron,Default,151.5,166.6,1.9,2.4,-1.6,16.3,4.7,80.5,113.8,1.4,3.39 R,11.8,32.2,4521,469 L,6.6,22.0,-5.1,2.47° open,4.08° in-to-out,1.61° closed,,,1.3,7.5,7.6,4.2,10,10,39.3
115,2026-08-09T17:11:13.000Z,Dead Straight,,,168.0,174.4,1.2,1.0,-1.1,33.1,6.1,81.7,117.1,1.4,0.36 R,20.9,44.3,4502,156 L,2.1,6.0,0.0,0.13° closed,0.23° in-to-out,0.36° closed,,,0.6,9.6,7.8,7.1,10,10,44.5
116,2026-08-09T17:11:13.000Z,Push,8 Iron,Default,109.5,118.8,16.9,15.4,9.5,16.1,4.1,65.9,85.3,1.3,6.59 R,21.9,34.7,4578,625 R,2.7,13.0,-1.3,6.44° open,2.16° in-to-out,4.28° open,,,-0.0,4.2,0,5.6,0,3,12.8
117,2026-08-09T17:11:13.000Z,Huge Push Slice,8 Iron,Default,125.9,142.4,89.8,77.3,48.2,17.1,3.9,72.9,96.8,1.3,23.51 R,23.3,31.6,1656,10000 R,22.6,90.0,-0.5,13.43° open,4.81° out-to-in,18.24° open,,,-0.7,1.2,0,4.1,0,0,5.2
118,2026-08-09T17:11:13.000Z,Huge Push,8 Iron,Default,157.6,167.4,24.6,22.9,9.4,21.3,5.3,81.3,114.9,1.4,7.25 R,13.7,36.7,5287,469 R,2.9,9.0,-5.3,6.86° open,3° in-to-out,3.86° open,,,-0.1,7.3,4.6,6.1,1.4,0,19.4
119,2026-08-09T17:11:13.000Z,Baby Draw,8 Iron,Default,157.9,165.5,1.0,0.4,-4.1,30.1,5.6,80.5,106.4,1.3,3.79 R,24.2,42.6,2731,547 L,10.9,35.0,0.4,2.7° open,4.53° in-to-out,1.83° closed,,,1.4,7.2,10,5.1,10,10,42.3
120,2026-08-09T17:11:13.000Z,Push,8 Iron,Default,149.0,152.6,10.1,9.9,3.1,32.7,5.8,80.9,106.3,1.3,4.53 R,25.5,45.3,4581,0,1.9,6.0,0.3,3.85° open,2.57° in-to-out,1.28° open,,,0.7,8.8,6.7,5.6,6.1,3,30.2
121,2026-08-09T17:11:13.000Z,Huge Push Slice,8 Iron,Default,142.5,148.7,46.8,44.5,21.8,23.7,5.1,73.5,100.0,1.4,14 R,22.1,38.7,3858,1563 R,9.0,32.0,-0.3,13.9° open,4.54° in-to-out,9.36° open,,,-0.4,1.5,0,5.2,0,0,6.6
122,2026-08-09T17:11:13.000Z,Push,8 Iron,Default,154.4,158.3,18.5,17.9,9.4,36.0,6.2,82.7,112.1,1.4,3.83 R,24.9,47.1,5068,625 R,7.5,24.0,0.2,3.68° open,0.19° in-to-out,3.49° open,,,0.1,8.8,7.1,7.1,3,3,28.9
123,2026-08-09T17:11:13.000Z,Huge Push,8 Iron,Default,142.5,145.6,26.8,26.1,12.9,31.1,5.6,79.7,98.5,1.2,8.07 R,28.6,44.5,3277,625 R,5.9,21.0,-1.1,7.93° open,3.48° in-to-out,4.45° open,,,0.2,5.8,2,2,0.6,0,10.4
124,2026-08-09T17:11:13.000Z,Dead Straight,8 Iron,Default,111.3,123.7,2.9,2.4,-2.2,15.0,4.0,66.7,87.6,1.3,0.3 L,20.2,33.6,3941,469 L,1.8,8.0,-1.2,1.38° closed,0.96° in-to-out,2.34° closed,,,0.1,5.8,0,5.3,10,10,31
125,2026-08-09T17:11:13.000Z,Pull Hook,,,222.7,264.9,31.6,23.9,-10.6,16.6,4.9,96.8,153.8,1.6,1.69 L,9.4,22.8,2208,547 L,17.3,39.0,1.6,2.29° closed,0.75° in-to-out,3.04° closed,,,-0.8,5.3,0,0.4,6.5,0,12.2
126,2026-08-09T17:11:13.000Z,Huge Push,,,227.9,241.3,64.4,60.6,16.3,36.3,6.7,91.3,140.5,1.5,14.07 R,16.6,41.0,2989,469 R,3.5,8.0,6.0,12.08° open,7.84° in-to-out,4.24° open,,,-0.7,2.5,0,3.4,0,0,5.9
127,2026-08-09T17:11:13.000Z,Huge Hook,,,193.7,230.8,49.2,38.4,-16.8,12.4,4.7,89.2,139.3,1.6,5.95 L,6.5,22.4,3047,10000 L,18.2,47.0,-4.8,13.2° closed,0.5° out-to-in,12.7° closed,,,-0.7,5.2,0,0.1,0,0,5.2
128,2026-08-09T17:11:13.000Z,Huge Hook,,,231.0,261.7,42.8,34.1,-16.3,23.3,5.5,95.4,150.4,1.6,0.72 L,12.4,29.9,2241,10000 L,31.2,68.0,6.3,13.76° closed,0.61° in-to-out,14.37° closed,,,-0.8,3.2,0,1.6,0,0,4.8
129,2026-08-09T17:11:13.000Z,Nuclear Hook,,,225.2,237.0,52.3,47.2,-24.6,34.5,6.7,99.2,153.9,1.6,0.32 R,12.2,41.9,4356,10000 L,48.5,100.0,-3.4,12.11° closed,1.55° in-to-out,13.66° closed,,,-0.7,3,0,2.3,0,0,5.3
130,2026-08-09T17:11:13.000Z,Huge Push Draw,,,254.4,274.5,19.5,19.2,1.0,33.4,6.8,99.3,156.8,1.6,7.63 R,11.7,36.9,3051,391 L,14.9,29.0,2.0,6.64° open,5.95° in-to-out,0.69° open,,,-0.8,3.1,0,1.4,7.3,0,11.7
131,2026-08-09T17:11:13.000Z,Straight Draw,,,226.6,259.1,19.5,14.8,-8.3,18.5,5.4,95.3,150.7,1.6,0.84 R,8.2,27.1,2818,625 L,18.1,40.0,-3.8,0.25° closed,2.32° in-to-out,2.57° closed,,,-0.7,5.6,0,0,7.7,6,19.3
132,2026-08-09T17:11:13.000Z,Huge Pull Fade,8 Iron,Default,24.6,31.1,3.9,3.5,-3.4,4.3,1.9,36.0,36.5,1.0,12.87 L,34.0,36.7,3881,0,2.1,42.0,-2.8,10.45° closed,10.78° out-to-in,0.33° open,,,-0.5,3,0,0.4,0,0,3.4
133,2026-08-09T17:11:13.000Z,Huge Push Draw,,,260.8,284.2,26.1,24.9,3.0,34.2,6.8,99.4,157.8,1.6,7.92 R,12.8,37.0,2612,273 L,11.4,22.0,5.8,7.02° open,5.72° in-to-out,1.3° open,,,-0.9,3.2,0,1.8,7.1,0,12.1
134,2026-08-09T17:11:13.000Z,Baby Draw,,,256.3,272.2,2.1,1.4,-2.5,40.6,7.2,99.4,156.6,1.6,1.88 R,13.8,41.3,3251,312 L,9.8,19.0,4.7,1.09° open,2.25° in-to-out,1.16° closed,,,-0.8,5.8,0,2.3,10,10,28.1
135,2026-08-09T17:11:13.000Z,Huge Push Slice,,,228.6,239.2,76.7,71.8,27.4,42.3,7.1,97.1,149.7,1.5,8.84 R,16.0,45.8,4089,2031 R,36.2,79.0,1.6,9.03° open,0.28° in-to-out,8.75° open,,,-0.8,3.1,0,3.6,0,0,6.7
136,2026-08-09T17:11:13.000Z,Push Slice,,,235.0,253.3,34.7,31.0,11.8,28.9,6.4,94.5,147.5,1.6,3.34 R,11.6,34.1,3143,781 R,17.3,37.0,-0.6,3.35° open,0.56° out-to-in,3.91° open,,,-0.7,4.9,0,1.3,3.8,0,10
137,2026-08-09T17:11:13.000Z,Huge Push Slice,,,226.8,237.4,88.1,83.1,28.1,42.0,7.1,94.8,145.2,1.5,14.13 R,16.4,45.4,3923,2031 R,26.0,57.0,2.5,13.93° open,3.14° in-to-out,10.79° open,,,-0.8,2.4,0,3.7,0,0,6.1
138,2026-08-09T17:11:13.000Z,Straight Draw,,,217.3,231.8,25.3,22.3,-12.1,25.8,6.2,95.7,148.5,1.6,0.33 R,7.9,38.1,4488,1250 L,23.5,54.0,-5.7,0.83° closed,4.21° in-to-out,5.04° closed,,,-0.6,2.3,0,1,3.8,6,13
139,2026-08-09T17:11:13.000Z,Huge Slice,Driver,Default,224.5,235.0,54.6,51.1,19.5,41.6,7.1,93.8,143.7,1.5,6.65 R,16.8,44.0,3701,1172 R,24.9,56.0,4.7,6.61° open,0.15° in-to-out,6.46° open,,,-0.2,3.6,5.7,5.8,0,0,15.1
140,2026-08-09T17:11:13.000Z,Underdraw,Driver,Default,178.8,183.8,7.6,7.5,1.2,50.5,7.2,93.7,128.5,1.4,3.63 R,26.7,50.5,5010,156 L,3.8,11.0,3.7,2.87° open,2.63° in-to-out,0.24° open,,,0.4,6.2,5.8,0.8,7.7,6,26.5
141,2026-08-09T17:11:13.000Z,Pull Hook,Driver,Default,223.1,255.8,45.0,36.6,-14.7,23.1,5.4,92.1,144.2,1.6,4.12 L,14.1,28.5,1961,10000 L,20.6,46.0,6.8,13.5° closed,0.35° out-to-in,13.15° closed,,,-0.2,3.4,6.9,7.6,0,0,17.9
142,2026-08-09T17:11:13.000Z,Straight Draw,Driver,Default,201.3,245.9,11.3,7.6,-4.8,15.7,4.4,89.1,139.8,1.6,0.43 R,11.6,22.8,1820,273 L,9.1,23.0,5.0,0.03° closed,0.98° in-to-out,1.01° closed,,,0.6,6.1,6.9,5.6,8.8,6,33.4
143,2026-08-09T17:11:13.000Z,Straight Draw,Driver,Default,225.0,254.0,18.6,15.2,-6.7,21.7,5.6,92.1,144.5,1.6,1 L,10.6,29.7,2669,469 L,11.3,25.0,1.8,1.58° closed,0.68° in-to-out,2.26° closed,,,0.4,6.2,8,4.2,7.3,6,31.6
144,2026-08-09T17:11:13.000Z,Straight Slice,Driver,Default,223.8,240.1,29.7,26.1,12.8,28.1,6.2,92.6,143.7,1.6,0.65 R,11.1,36.5,3452,1094 R,23.6,53.0,-2.6,0.44° open,2.18° out-to-in,2.62° open,,,0.4,5.8,7.8,3.5,4.1,3,24.3
145,2026-08-09T17:11:13.000Z,Huge Slice,Driver,Default,208.7,221.5,29.5,26.5,13.8,28.5,6.3,92.1,141.4,1.5,0.77 R,10.1,38.3,4405,1328 R,23.7,57.0,-4.8,0.63° open,2.61° out-to-in,3.24° open,,,0.6,5,7.2,2.8,3,0,17.9
146,2026-08-09T17:11:13.000Z,Baby Draw,Driver,Default,172.4,176.7,3.4,3.5,-1.8,52.4,7.3,95.3,124.1,1.3,4.07 R,29.4,51.3,5030,469 L,8.8,25.0,4.0,2.95° open,4.22° in-to-out,1.27° closed,,,0.3,5.3,5.6,0,8.4,10,29.4
147,2026-08-09T17:11:13.000Z,Straight Draw,Driver,Default,229.7,254.7,20.9,17.0,-9.0,24.1,5.9,93.2,146.0,1.6,0.53 R,11.2,31.1,2770,703 L,19.1,42.0,2.3,0.56° closed,2.8° in-to-out,3.36° closed,,,0.4,4.9,8,4.3,6.9,6,30.1
148,2026-08-09T17:11:13.000Z,Pull Hook,Driver,Default,201.3,237.3,42.1,33.1,-14.5,18.0,4.8,88.2,137.4,1.6,4.35 L,12.5,25.8,2050,10000 L,17.8,44.0,5.0,13.47° closed,0.42° out-to-in,13.05° closed,,,-0.0,3.1,6.5,6.5,0,0,16
149,2026-08-09T17:11:13.000Z,Baby Draw,Driver,Default,207.4,220.9,2.5,1.7,-3.2,27.4,6.1,89.6,137.3,1.5,2.28 R,11.6,38.1,3825,391 L,10.0,24.0,-3.0,1.53° open,2.49° in-to-out,0.96° closed,,,2.4,5.8,7.2,3.1,10,10,36.1
150,2026-08-09T17:11:13.000Z,Push Slice,Driver,Default,194.6,204.6,34.2,31.6,14.8,31.2,6.3,87.1,131.0,1.5,3.85 R,14.7,41.4,4210,1094 R,18.5,48.0,-1.8,3.9° open,1.07° out-to-in,4.97° open,,,0.1,3.8,6.2,4.2,1.4,0,15.6
151,2026-08-09T17:11:13.000Z,Straight Draw,Driver,Default,229.1,256.8,7.8,6.0,-3.7,22.1,5.7,92.9,145.9,1.6,0.69 R,10.0,28.6,2788,312 L,8.8,19.0,0.2,0.18° closed,1.18° in-to-out,1.36° closed,,,0.4,6.5,8.1,3.8,8.8,6,33.2
152,2026-08-09T17:11:13.000Z,Huge Hook,Driver,Default,184.7,233.8,54.4,39.3,-17.9,11.5,4.0,89.7,141.2,1.6,6.62 L,9.4,18.0,2000,10000 L,17.9,48.0,1.6,13° closed,0.52° out-to-in,12.48° closed,,,-0.2,3.1,5.4,5.4,0,0,13.9
153,2026-08-09T17:11:13.000Z,Straight Draw,Driver,Default,218.5,246.4,8.9,7.1,-3.9,20.5,5.5,90.8,142.1,1.6,0.2 R,9.7,29.1,2850,312 L,7.8,18.0,0.1,0.34° closed,0.94° in-to-out,1.28° closed,,,0.6,6.2,7.9,3.1,8.4,6,31.6
154,2026-08-09T17:11:13.000Z,Huge Hook,Driver,Default,158.5,212.2,63.1,39.9,-25.3,10.9,3.3,89.9,141.7,1.6,3.75 L,11.3,19.2,1429,10000 L,29.5,93.0,5.7,13.63° closed,0.29° out-to-in,13.34° closed,,,-0.2,3.2,4.4,4,0,0,11.5
155,2026-08-09T17:11:13.000Z,Push,Driver,Default,219.1,230.1,20.4,19.0,7.4,35.0,6.8,95.9,147.5,1.5,2.5 R,11.6,42.9,4564,469 R,9.4,21.0,-4.3,2.27° open,0.1° out-to-in,2.37° open,,,0.7,6.9,8,4.1,5.7,3,27.8
156,2026-08-09T17:11:13.000Z,Push Slice,Driver,Default,217.9,235.2,46.3,41.2,17.1,27.9,6.0,90.7,140.1,1.5,4.65 R,13.4,39.3,3040,1016 R,23.4,54.0,4.1,4.62° open,0.76° out-to-in,5.38° open,,,-0.1,3.7,6.5,4.2,1.8,0,16.1
157,2026-08-09T17:11:13.000Z,Push Slice,Driver,Default,199.1,210.1,40.4,37.1,17.4,29.1,6.2,90.5,137.5,1.5,4.04 R,11.7,40.3,4575,1406 R,23.0,58.0,-4.0,4.31° open,1.89° out-to-in,6.2° open,,,0.0,3.2,6.2,3.1,0,0,12.5
158,2026-08-09T17:11:13.000Z,Push Fade,Driver,Default,207.1,219.0,23.4,21.3,10.1,27.8,6.2,93.1,142.9,1.5,1.68 R,9.3,39.2,4669,938 R,15.3,37.0,-5.4,1.65° open,1.3° out-to-in,2.95° open,,,0.7,5.8,7.1,2.6,3.8,3,22.3
159,2026-08-09T17:11:13.000Z,Huge Pull Hook,Driver,Default,183.3,228.6,77.5,56.6,-27.1,10.4,4.0,93.7,148.7,1.6,8.53 L,7.7,17.6,2244,10000 L,29.1,79.0,-1.1,13.26° closed,0.12° out-to-in,13.14° closed,,,-0.3,3.6,4.4,5.5,0,0,13.5
160,2026-08-09T17:11:13.000Z,Huge Hook,Driver,Default,229.5,252.8,53.0,44.0,-22.3,22.1,5.8,98.7,155.8,1.6,0.14 R,8.1,31.1,3254,10000 L,44.6,97.0,-5.3,12.87° closed,1.3° in-to-out,14.17° closed,,,-0.2,5.2,6.3,3.4,0,0,14.9
161,2026-08-09T17:11:13.000Z,,Driver,Default,0.0,139.1,,6.9,NaN,0.0,0.7,,134.0,,90 R,6.3,0.0,50,,6.9,,,,,,,,,0,0,0,0,0,0
162,2026-08-09T17:11:13.000Z,Baby Draw,Driver,Default,254.2,268.9,3.4,4.7,-5.1,43.5,7.5,100.9,159.0,1.6,7.17 R,14.2,43.3,3535,742 L,27.3,54.0,3.8,5.96° open,7.17° in-to-out,1.21° closed,,,0.3,6.1,8.1,5.8,9,10,39
1,2026-08-02T15:24:56.000Z,Straight Draw,9 Iron,Default,115.5,121.9,4.3,3.9,-3.1,18.9,4.4,68.9,88.8,1.3,0.78 L,21.6,38.9,5238,625 L,2.3,10.0,-1.3,1.85° closed,1.07° in-to-out,2.92° closed,,,0.3,5.4,0,6.4,6.9,6,24.7
2,2026-08-02T15:24:56.000Z,Baby Draw,9 Iron,Default,127.6,131.8,0.9,1.1,-2.9,22.3,5.0,73.0,95.4,1.3,3.88 R,21.3,42.0,5780,781 L,7.5,29.0,-2.6,2.44° open,5.83° in-to-out,3.39° closed,,,1.1,2.9,3.3,7.8,10,10,34
3,2026-08-02T15:24:56.000Z,Overdraw,9 Iron,Default,128.0,131.3,8.0,7.4,-9.0,24.1,5.0,72.8,96.9,1.3,2.37 R,23.3,43.2,5112,1250 L,12.7,50.0,-1.2,0.51° open,6.48° in-to-out,5.97° closed,,,0.6,0.8,3.7,6.8,6.9,6,24.2
4,2026-08-02T15:24:56.000Z,Push,9 Iron,Default,89.3,95.8,9.7,9.2,4.9,14.8,4.0,65.2,75.1,1.2,6.83 R,24.3,38.3,6864,0,1.5,9.0,-3.1,6.19° open,4.95° in-to-out,1.24° open,,,-0.1,3.8,0,7,0,3,13.8
5,2026-08-02T15:24:56.000Z,Huge Hook,9 Iron,Default,119.2,124.3,15.5,14.3,-14.0,20.5,4.7,69.0,88.3,1.3,0.26 R,24.0,39.5,5257,2500 L,14.8,62.0,-1.3,3.69° closed,8.81° in-to-out,12.5° closed,,,0.2,0.1,0,5.8,0,0,5.9
6,2026-08-02T15:24:56.000Z,Huge Hook,9 Iron,Default,128.8,132.7,17.6,16.6,-15.3,24.2,5.0,73.0,95.7,1.3,0.51 R,23.4,42.6,5882,2500 L,17.7,69.0,-1.7,3.26° closed,8.99° in-to-out,12.25° closed,,,-0.0,0.9,4.4,7.6,0,0,12.9
7,2026-08-02T15:24:56.000Z,Baby Draw,9 Iron,Default,127.2,131.8,5.9,6.1,-2.4,21.9,4.6,70.8,91.0,1.3,7.84 R,25.2,39.4,2870,937 L,11.4,45.0,0.0,6.01° open,9.16° in-to-out,3.15° closed,,,1.0,2.5,3.1,3.9,8.4,10,27.9
8,2026-08-02T15:24:56.000Z,Huge Push Draw,9 Iron,Default,132.6,135.7,18.6,18.4,4.5,24.2,5.3,76.9,99.4,1.3,11.25 R,20.7,43.6,6562,625 L,8.0,30.0,-3.9,9.58° open,9.68° in-to-out,0.1° closed,,,-0.0,5.6,5.3,8.9,0,0,19.9
9,2026-08-02T15:24:56.000Z,Underdraw,9 Iron,Default,130.2,138.5,8.5,8.2,1.9,17.7,4.6,77.2,100.4,1.3,5.29 R,15.9,36.1,5358,312 L,3.8,15.0,-4.7,4.26° open,5.19° in-to-out,0.93° closed,,,1.1,6.4,5.1,5.8,5.3,6,28.6
10,2026-08-02T15:24:56.000Z,Baby Draw,9 Iron,Default,130.0,131.6,3.4,3.5,-3.1,30.6,5.6,78.0,97.6,1.3,6.18 R,26.4,47.9,7810,937 L,10.6,41.0,-2.1,4.46° open,8.22° in-to-out,3.76° closed,,,1.1,4.9,4.8,6,6.9,10,32.6
11,2026-08-02T15:24:56.000Z,Underdraw,9 Iron,Default,111.7,113.1,8.1,8.1,1.7,25.1,5.2,78.0,93.0,1.2,6.58 R,24.4,47.0,9201,625 L,4.8,22.0,-5.8,5.17° open,7.39° in-to-out,2.22° closed,,,0.1,6,0,4.6,2.2,6,18.8
12,2026-08-02T15:24:56.000Z,Overdraw,9 Iron,Default,140.9,143.4,11.4,11.0,-10.2,30.5,5.8,77.9,103.3,1.3,1.29 R,23.9,46.0,5737,1562 L,14.2,50.0,-1.1,0.8° closed,6.65° in-to-out,7.45° closed,,,0.5,3.1,9,8.5,3.8,6,30.4
13,2026-08-02T15:24:56.000Z,Huge Hook,9 Iron,Default,141.8,146.4,16.9,15.8,-14.0,25.8,5.3,76.2,102.9,1.4,1.2 R,21.4,42.1,5507,2031 L,18.8,66.0,-1.9,1.34° closed,8.2° in-to-out,9.54° closed,,,-0.0,2.3,7.4,8.7,1.4,0,19.7
14,2026-08-02T15:24:56.000Z,Huge Hook,9 Iron,Default,140.6,145.9,26.7,24.9,-19.5,24.3,5.2,76.3,104.3,1.4,0.91 L,19.9,41.9,5016,2500 L,22.6,81.0,-1.9,4.22° closed,7.8° in-to-out,12.02° closed,,,-0.2,2.3,1.8,7.3,0,0,11.5
15,2026-08-02T15:24:56.000Z,Hook,9 Iron,Default,144.9,190.2,22.4,13.1,-11.7,7.0,3.6,82.4,120.4,1.5,1.35 R,5.5,15.9,3186,10000 L,16.5,57.0,-3.5,11.37° closed,0.58° in-to-out,11.95° closed,,,-0.6,6.8,7.7,0.1,0,0,14.6
16,2026-08-02T15:24:56.000Z,Huge Push Draw,9 Iron,Default,122.1,125.5,11.6,11.4,3.5,23.2,4.9,73.7,94.2,1.3,7.16 R,23.5,42.8,6950,312 L,4.0,16.0,-2.8,6.17° open,6.39° in-to-out,0.22° closed,,,0.3,4.1,0,7.7,0.6,0,12.5
17,2026-08-02T15:24:56.000Z,Hook,7 Iron,Default,164.7,173.9,17.3,14.9,-14.9,23.3,5.6,83.0,118.1,1.4,4.48 R,13.1,38.5,5732,2344 L,27.8,84.0,-5.2,2.28° open,11.28° in-to-out,9° closed,,,0.2,2.3,8.5,8,3,0,21.7
18,2026-08-02T15:24:56.000Z,Hook,7 Iron,Default,180.2,189.4,20.9,18.4,-15.4,30.0,5.9,83.4,123.3,1.5,3.59 R,16.0,41.7,4258,1719 L,29.8,83.0,-1.3,1.98° open,8.86° in-to-out,6.88° closed,,,-0.0,2.5,7.5,7.1,4.5,0,21.6
19,2026-08-02T15:24:56.000Z,Baby Draw,7 Iron,Default,169.7,178.4,2.7,1.9,-5.1,26.1,5.7,82.4,118.9,1.4,3.78 R,15.1,42.1,5028,937 L,13.1,39.0,-3.3,2.44° open,6.22° in-to-out,3.78° closed,,,1.3,3.7,10,8.6,10,10,42.3
20,2026-08-02T15:24:56.000Z,Top,7 Iron,Default,36.0,79.3,9.6,4.7,6.4,2.4,1.0,67.6,83.1,1.2,8.59 R,14.5,15.5,50,469 L,0.7,10.0,-0.0,7.33° open,8.03° in-to-out,0.7° closed,,,-0.2,3,0,3.7,6.1,0,12.7
21,2026-08-02T15:24:56.000Z,Power Fade,7 Iron,Default,151.6,165.0,8.3,5.7,-11.1,20.8,4.9,77.5,108.6,1.4,6.76 R,16.2,37.4,3920,1875 L,23.7,78.0,-1.7,4.48° open,11.34° in-to-out,6.86° closed,,,1.3,0.4,5.4,6,6.9,10,28.7
22,2026-08-02T15:24:56.000Z,Huge Push Draw,7 Iron,Default,143.4,155.3,14.7,14.9,-0.5,18.0,4.7,76.8,105.1,1.4,12.2 R,15.1,34.8,4217,937 L,16.1,56.0,-2.5,10.44° open,10.54° in-to-out,0.1° closed,,,0.5,3.3,3,5.6,0.6,0,12.5
23,2026-08-02T15:24:56.000Z,Huge Hook,7 Iron,Default,160.0,168.7,19.3,17.4,-12.6,25.8,5.5,78.8,109.8,1.4,0.14 R,18.6,40.0,5219,1562 L,17.8,56.0,-3.0,1.98° closed,5.78° in-to-out,7.76° closed,,,0.2,0.8,7.7,8.5,2.2,0,19.2
24,2026-08-02T15:24:56.000Z,Baby Draw,7 Iron,Default,151.5,159.9,1.9,2.4,-3.2,22.7,5.2,78.7,109.6,1.4,4.96 R,16.3,39.5,4881,781 L,10.8,35.0,-3.5,3.54° open,6.66° in-to-out,3.12° closed,,,1.2,2.8,5.4,7.9,10,10,36.1
25,2026-08-02T15:24:56.000Z,Hook,7 Iron,Default,140.9,156.5,15.3,11.8,-12.8,16.1,4.5,77.9,106.9,1.4,3.21 R,13.1,32.4,4093,1562 L,19.7,70.0,-3.5,1.36° open,8.21° in-to-out,6.85° closed,,,0.5,0.5,2.2,4.7,5.3,0,12.7
26,2026-08-02T15:24:56.000Z,Huge Push Draw,7 Iron,Default,159.6,167.5,13.1,13.1,-0.2,27.4,5.7,79.7,113.1,1.4,9.54 R,17.9,42.1,4900,781 L,13.7,43.0,-2.3,8.23° open,9.21° in-to-out,0.98° closed,,,0.7,3.9,8.1,9.1,4.5,0,25.6
27,2026-08-02T15:24:56.000Z,Huge Push,7 Iron,Default,164.8,174.4,25.9,24.4,8.9,21.5,5.4,82.8,118.8,1.4,8.08 R,12.9,37.1,5393,313 R,1.0,3.0,-5.2,7.54° open,4.35° in-to-out,3.19° open,,,0.0,5.6,4.5,8,0.6,0,18.7
28,2026-08-02T15:24:56.000Z,Top,5 Iron,Default,29.5,90.1,4.0,1.0,-2.9,1.3,0.8,72.3,88.7,1.2,0.78 L,9.9,10.2,50,0,0.5,9.0,1.6,0.92° closed,1.15° out-to-in,0.23° open,,,-0.1,6,0,2.6,10,0,18.6
29,2026-08-02T15:24:56.000Z,Hook,5 Iron,Default,187.1,200.5,20.0,16.9,-13.2,25.7,5.7,82.8,123.6,1.5,2.84 R,15.1,36.9,3517,1406 L,26.2,70.0,0.1,1.35° open,7.32° in-to-out,5.97° closed,,,0.3,2.1,8.5,7.9,5.3,0,23.8
30,2026-08-02T15:24:56.000Z,Huge Hook,5 Iron,Default,193.9,208.3,37.6,32.2,-21.3,29.5,5.9,84.0,126.1,1.5,2.09 R,15.7,39.2,3482,10000 L,39.3,100.0,1.0,9.16° closed,3.02° in-to-out,12.18° closed,,,-0.1,4.9,2.6,8,0,0,15.5
31,2026-08-02T15:24:56.000Z,Baby Draw,5 Iron,Default,172.8,184.6,4.8,5.5,-3.5,21.5,5.4,82.6,120.4,1.5,7.15 R,12.3,36.2,4639,781 L,16.1,47.0,-4.0,5.69° open,8.11° in-to-out,2.42° closed,,,1.6,4.7,5.8,8.3,7.7,10,36.4
32,2026-08-02T15:24:56.000Z,Baby Draw,5 Iron,Default,145.4,163.2,2.5,0.9,-5.3,16.0,4.4,78.0,108.0,1.4,4.53 R,12.9,30.1,3833,937 L,12.4,43.0,-3.0,2.95° open,7.01° in-to-out,4.06° closed,,,0.5,1.9,0,5.8,10,10,27.7
33,2026-08-02T15:24:56.000Z,Slight Push,5 Iron,Default,19.7,35.7,1.0,0.6,1.3,0.2,0.4,78.9,108.4,1.4,2.27 R,1.8,1.8,1371,0,0.2,4.0,-1.2,1.85° open,0.73° in-to-out,1.12° open,,,-0.4,6.6,0,0.2,10,6,22.8
34,2026-08-02T15:24:56.000Z,Huge Hook,5 Iron,Default,175.8,193.1,24.6,19.5,-17.1,23.9,5.1,82.0,122.4,1.5,4.31 R,14.6,36.7,2885,10000 L,32.7,93.0,1.8,7.46° closed,3.72° in-to-out,11.18° closed,,,0.2,3.5,6.7,6.8,0,0,16.9
35,2026-08-02T15:24:56.000Z,Pull Hook,5 Iron,Default,82.8,133.8,31.1,14.8,-18.5,4.2,2.2,71.3,95.4,1.3,1.98 L,9.4,13.0,2060,10000 L,11.9,72.0,0.7,13.75° closed,2.98° out-to-in,10.77° closed,,,-0.3,2.3,0,2.4,0,0,4.7
36,2026-08-02T15:24:56.000Z,Huge Push Draw,5 Iron,Default,145.4,156.3,12.9,12.6,1.5,18.1,4.8,77.1,105.1,1.4,8.38 R,14.9,34.0,4380,469 L,8.8,30.0,-3.1,7.2° open,7.85° in-to-out,0.65° closed,,,0.4,3.3,0,7.6,1.4,0,12.3
37,2026-08-02T15:24:56.000Z,Nuclear Hook,5 Iron,Default,185.8,203.6,50.3,42.0,-26.7,23.1,5.4,85.1,129.0,1.5,0.52 R,12.4,35.3,3539,10000 L,43.7,100.0,-2.2,12.05° closed,1.51° in-to-out,13.56° closed,,,-0.2,6.2,0,6.4,0,0,12.6
38,2026-08-02T15:24:56.000Z,Hook,5 Iron,Default,187.1,200.0,14.3,11.8,-11.3,26.3,5.7,82.2,122.0,1.5,4 R,15.8,36.9,3617,1250 L,24.9,66.0,0.0,2.46° open,7.7° in-to-out,5.24° closed,,,0.4,2.4,9.5,8.2,6.9,0,27
39,2026-08-02T15:24:56.000Z,Nuclear Hook,5 Iron,Default,168.5,197.1,55.9,41.9,-28.6,15.6,4.5,81.8,122.1,1.5,0.19 L,12.0,25.9,2823,10000 L,41.3,100.0,0.8,13.07° closed,0.77° in-to-out,13.84° closed,,,-0.2,4.7,0,5.6,0,0,10.3
40,2026-08-02T15:24:56.000Z,Power Draw,5 Iron,Default,154.2,173.8,4.4,6.4,-5.9,16.7,4.7,78.0,109.5,1.4,10.55 R,13.8,30.4,3659,1406 L,22.3,72.0,-2.0,8.79° open,10.89° in-to-out,2.1° closed,,,0.8,3.4,0,5.9,6.1,10,25.3
41,2026-08-02T15:24:56.000Z,Huge Push Draw,5 Iron,Default,155.4,169.8,12.7,12.9,-0.7,17.9,4.9,80.2,112.8,1.4,10.07 R,12.1,32.9,4533,781 L,14.7,47.0,-5.0,8.62° open,9.35° in-to-out,0.73° closed,,,0.6,4,0.5,7,4.5,0,16.1
42,2026-08-02T15:24:56.000Z,Huge Push,5 Iron,Default,53.6,97.7,24.0,12.7,14.8,2.8,1.6,62.3,76.9,1.2,12.2 R,10.7,12.5,1408,10000 R,1.1,10.0,1.6,14.51° open,0.29° in-to-out,14.22° open,,,-0.0,3,0,2.9,0,0,5.9
43,2026-08-02T15:24:56.000Z,Baby Draw,5 Iron,Default,146.0,163.2,1.3,0.0,-4.1,15.7,4.5,76.9,105.5,1.4,4.07 R,14.0,29.3,3935,937 L,10.4,36.0,-2.6,2.53° open,6.63° in-to-out,4.1° closed,,,0.5,1.7,0,6.4,10,10,28.1
44,2026-08-02T15:24:56.000Z,Underdraw,5 Iron,Default,174.3,184.9,10.0,9.7,1.5,23.6,5.5,81.9,119.9,1.5,4.86 R,14.0,37.3,4328,234 L,5.1,15.0,-2.6,3.99° open,3.89° in-to-out,0.1° open,,,1.0,6.3,6.3,8.7,6.5,6,33.8
45,2026-08-02T15:24:56.000Z,Huge Push,5 Iron,Default,150.1,177.1,33.9,27.7,13.2,11.4,4.2,80.7,115.1,1.4,7.99 R,9.0,24.4,3783,781 R,6.7,22.0,-4.2,8.04° open,2.31° in-to-out,5.73° open,,,0.0,4.2,0,4.8,0,0,9
46,2026-08-02T15:24:56.000Z,Power Draw,5 Iron,Default,138.5,161.9,0.5,2.0,-6.0,12.7,4.1,77.5,106.0,1.4,7.6 R,11.7,26.3,3731,1562 L,16.5,60.0,-3.4,5.38° open,10.66° in-to-out,5.28° closed,,,0.5,0.9,0,5,10,10,25.9
47,2026-08-02T15:24:56.000Z,Top,5 Iron,Default,15.0,83.5,32.0,5.9,22.5,0.3,0.4,69.0,84.0,1.2,21.94 R,5.2,5.0,845,625 L,0.2,6.0,3.2,12.17° open,7.93° in-to-out,4.24° open,,,-0.5,1.3,0,0.6,0,0,1.9
48,2026-08-02T15:24:56.000Z,Baby Draw,5 Iron,Default,174.1,194.3,4.3,5.4,-3.3,18.2,5.1,80.5,117.2,1.5,6.77 R,12.9,30.5,3666,781 L,15.3,44.0,-2.1,5.29° open,7.97° in-to-out,2.68° closed,,,1.6,3.6,6.2,6.5,8.4,10,34.8
49,2026-08-02T15:24:56.000Z,Huge Pull Hook,Driver,Default,210.2,260.1,85.4,62.4,-27.1,13.7,4.4,94.4,149.9,1.6,7.24 L,9.4,19.6,1940,10000 L,35.7,85.0,2.6,12.98° closed,0.27° out-to-in,12.71° closed,,,-0.4,3.8,4.7,6.4,0,0,14.9
50,2026-08-02T15:24:56.000Z,Push,Driver,Default,224.6,242.8,21.2,19.5,5.4,22.0,6.0,95.0,149.1,1.6,4.49 R,6.8,31.6,3755,234 R,1.8,4.0,-5.2,4.17° open,1.36° in-to-out,2.81° open,,,0.5,6.3,8,2.4,5.3,3,25
51,2026-08-02T15:24:56.000Z,Push,Driver,Default,239.3,251.9,34.7,32.3,10.7,41.1,7.2,98.9,154.1,1.6,4.79 R,13.1,45.9,3880,469 R,12.3,26.0,-0.5,4.4° open,1.05° in-to-out,3.35° open,,,-0.1,7.3,7.4,5.5,4.1,3,27.3
52,2026-08-02T15:24:56.000Z,Hook,Driver,Default,244.2,273.7,26.2,18.8,-14.4,29.4,6.0,96.2,152.0,1.6,5.54 R,11.7,33.5,2313,1250 L,42.5,87.0,5.4,4.13° open,7.96° in-to-out,3.83° closed,,,0.2,2.9,8,7.2,6.9,0,25
53,2026-08-02T15:24:56.000Z,Shank,Driver,Default,37.4,90.0,40.2,16.0,-27.4,2.3,1.0,72.7,93.6,1.3,21.41 L,13.7,14.2,50,1250 R,1.4,18.0,0.3,19.5° closed,12.33° out-to-in,7.17° closed,,,-0.6,0,2.7,3.7,0,0,6.4
54,2026-08-02T15:24:56.000Z,Nuclear Hook,Driver,Default,174.8,221.1,52.7,35.1,-22.0,12.3,3.9,86.5,134.4,1.6,1.09 L,11.3,19.6,1819,10000 L,31.8,91.0,3.8,14° closed,0.33° in-to-out,14.33° closed,,,-0.1,3,5.1,5.2,0,0,13.3
55,2026-08-02T15:24:56.000Z,Push,Driver,Default,209.3,223.4,23.3,21.7,6.4,24.1,6.0,93.6,144.7,1.5,5.46 R,7.3,37.2,4509,313 R,1.7,4.0,-5.7,5.14° open,1.77° in-to-out,3.37° open,,,0.7,5.6,7.3,2,3.8,3,21.6
56,2026-08-02T15:24:56.000Z,Huge Hook,Driver,Default,183.6,232.7,84.9,59.5,-30.6,14.9,3.9,91.1,143.4,1.6,6.95 L,13.3,21.8,1406,10000 L,37.1,100.0,7.3,13.61° closed,0.27° out-to-in,13.34° closed,,,-0.3,3.2,4.3,4.9,0,0,12.4
57,2026-08-02T15:24:56.000Z,Huge Hook,Driver,Default,187.9,238.3,71.5,49.2,-25.8,12.8,4.0,90.2,142.2,1.6,4.42 L,10.3,19.4,1817,10000 L,34.7,92.0,3.5,13.48° closed,0.31° out-to-in,13.17° closed,,,-0.3,3.2,5,5.3,0,0,13.4
58,2026-08-02T15:24:56.000Z,Power Fade,Driver,Default,203.2,246.7,11.1,4.5,-8.6,17.2,4.5,89.3,140.1,1.6,5.97 R,11.6,23.6,1743,781 L,25.8,63.0,5.2,4.74° open,6.88° in-to-out,2.14° closed,,,0.6,3,7,5.3,9.2,10,34.5
59,2026-08-02T15:24:56.000Z,Baby Draw,Driver,Default,219.9,260.4,13.0,7.2,-8.1,16.8,5.1,91.8,144.6,1.6,4.29 R,9.6,23.6,2371,781 L,23.7,54.0,1.3,3.19° open,5.12° in-to-out,1.93° closed,,,0.3,4,8,5.2,8.8,10,36
60,2026-08-02T15:24:56.000Z,Nuclear Hook,Driver,Default,221.5,249.3,57.7,45.9,-24.5,25.1,5.7,89.2,138.4,1.6,0.56 R,14.5,30.9,2294,10000 L,48.1,100.0,5.9,11.46° closed,1.68° in-to-out,13.14° closed,,,-0.2,3.1,6.1,6.9,0,0,16.1
61,2026-08-02T15:24:56.000Z,Huge Push Draw,Driver,Default,226.6,245.4,40.3,38.5,5.5,28.9,6.2,90.0,139.1,1.5,13.71 R,14.1,35.5,2855,391 L,16.8,37.0,5.0,11.4° open,10.18° in-to-out,1.22° open,,,-0.1,3.2,6.8,4.6,3,0,17.5
62,2026-08-02T15:24:56.000Z,Push Slice,Driver,Default,211.9,224.8,36.2,33.2,13.3,28.9,6.3,92.0,141.6,1.5,4.71 R,11.8,38.4,3887,859 R,15.8,37.0,-3.0,4.63° open,0.25° out-to-in,4.88° open,,,0.1,4.2,7,3.5,2.2,0,16.9
63,2026-08-02T15:24:56.000Z,Push,Driver,Default,186.1,240.1,16.9,12.0,5.3,7.6,4.0,91.6,143.5,1.6,2.11 R,3.8,13.8,2693,234 R,5.1,14.0,-4.9,1.84° open,0.4° out-to-in,2.24° open,,,0.6,6.1,6.1,1.5,6.9,3,23.6
64,2026-08-02T15:24:56.000Z,Hook,Driver,Default,237.6,262.1,18.6,14.4,-9.8,31.8,6.1,93.5,146.3,1.6,2.85 R,13.3,35.1,2354,781 L,26.2,55.0,6.3,2° open,4.51° in-to-out,2.51° closed,,,0.3,4.3,8.1,7,7.5,0,26.9
65,2026-08-02T15:24:56.000Z,Underdraw,Driver,Default,241.0,259.3,14.3,14.0,1.2,35.5,6.7,92.5,143.1,1.5,5.41 R,15.5,36.6,2879,234 L,8.9,18.0,6.0,4.54° open,4.22° in-to-out,0.32° open,,,0.4,4.8,8.1,5.5,8.1,6,32.4
66,2026-08-02T15:24:56.000Z,Pull Hook,Driver,Default,227.5,264.2,43.7,34.8,-14.0,17.7,5.4,92.0,144.9,1.6,3.54 L,8.5,23.7,2688,10000 L,20.7,45.0,-2.1,13.73° closed,0.23° out-to-in,13.5° closed,,,-0.2,3.4,7.1,3.3,0,0,13.8
67,2026-08-02T15:24:56.000Z,Huge Push,Driver,Default,215.0,226.3,56.9,53.5,17.7,36.3,6.7,92.0,140.7,1.5,10.85 R,15.6,42.3,3714,781 R,12.2,28.0,2.3,10.03° open,4.2° in-to-out,5.83° open,,,-0.2,1.8,5.5,5,0,0,12.3
68,2026-08-02T15:24:56.000Z,Huge Hook,Driver,Default,212.4,253.2,46.1,32.8,-18.9,18.1,4.9,89.8,140.7,1.6,1.1 R,12.5,24.0,1952,10000 L,36.9,87.0,5.7,11.01° closed,2.17° in-to-out,13.18° closed,,,-0.2,3,7,6.5,0,0,16.6
69,2026-08-02T15:24:56.000Z,Huge Push Draw,Driver,Default,234.0,262.2,37.4,35.1,4.6,26.1,5.9,91.3,142.3,1.6,12.46 R,13.3,31.2,2403,312 L,16.6,35.0,5.8,10.4° open,9.38° in-to-out,1.02° open,,,-0.2,3.3,7.1,6.3,3.8,0,20.4
70,2026-08-02T15:24:56.000Z,Dead Straight,Driver,Default,200.8,234.8,4.7,3.8,1.5,15.9,5.0,86.8,134.4,1.5,0.62 R,9.4,23.3,2737,78 R,1.6,4.0,-0.3,0.21° open,0.24° out-to-in,0.45° open,,,0.9,6,6.9,2.7,8.8,10,34.4
71,2026-08-02T15:24:56.000Z,Straight Draw,Driver,Default,219.9,245.5,8.5,6.8,-3.8,19.8,5.7,91.6,143.3,1.6,0.32 R,7.4,28.1,3361,391 L,8.0,18.0,-4.9,0.3° closed,1.26° in-to-out,1.56° closed,,,0.6,6.3,8,1.9,8.4,6,30.6
72,2026-08-02T15:24:56.000Z,Pull Hook,Driver,Default,191.9,248.0,43.1,29.3,-14.2,12.9,4.0,90.1,142.1,1.6,3.37 L,10.6,19.1,1669,10000 L,18.0,47.0,4.6,13.75° closed,0.25° out-to-in,13.5° closed,,,-0.1,3.2,6.1,4.7,0,0,13.9
73,2026-08-02T15:24:56.000Z,Pull Hook,Driver,Default,140.1,211.4,40.5,24.0,-13.4,3.5,2.7,89.6,138.8,1.5,6.25 L,3.5,7.7,2244,10000 L,8.6,31.0,-4.4,13.16° closed,0.54° out-to-in,12.62° closed,,,0.0,3.1,4.3,3.1,0,0,10.5
74,2026-08-02T15:24:56.000Z,Power Fade,Driver,Default,245.3,277.0,14.5,8.7,-10.5,28.6,6.0,94.2,148.2,1.6,6.42 R,15.2,31.8,1975,859 L,36.3,74.0,7.9,5.03° open,7.53° in-to-out,2.5° closed,,,0.2,3.4,8.1,8.6,8.8,10,38.9
75,2026-08-02T15:24:56.000Z,Huge Hook,Driver,Default,230.7,262.7,84.0,67.5,-30.3,22.0,5.5,95.8,151.3,1.6,3.62 L,11.3,27.5,2289,10000 L,52.9,100.0,4.9,13.75° closed,0.23° out-to-in,13.52° closed,,,-0.4,4.2,4.4,7.1,0,0,15.6
76,2026-08-02T15:24:56.000Z,Dead Straight,Driver,Default,227.9,270.1,5.1,3.8,-1.8,16.0,5.1,95.2,151.0,1.6,0.06 L,7.7,23.1,2462,156 L,3.5,8.0,-2.5,0.59° closed,0.07° in-to-out,0.66° closed,,,0.3,7,8,4.8,9.2,10,39
77,2026-08-02T15:24:56.000Z,Huge Push,Driver,Default,227.7,237.5,32.6,31.4,7.1,43.3,7.3,99.2,152.7,1.5,8.67 R,13.4,46.2,4780,78 L,3.3,7.0,-3.1,7.69° open,5.81° in-to-out,1.88° open,,,0.4,5.6,7.4,5.5,3.8,0,22.2
78,2026-08-02T15:24:56.000Z,Push,Driver,Default,244.2,256.9,22.1,21.2,4.0,45.5,7.5,98.5,153.4,1.6,5.99 R,15.5,44.9,3695,78 L,4.4,9.0,3.8,5.16° open,4.19° in-to-out,0.97° open,,,0.3,6.5,8,6.5,6.5,3,30.4
79,2026-08-02T15:24:56.000Z,Baby Draw,Driver,Default,239.4,252.5,10.1,10.1,-0.0,39.7,7.2,95.3,147.5,1.5,4.83 R,15.1,42.1,3432,273 L,10.2,21.0,4.3,3.89° open,3.94° in-to-out,0.05° closed,,,0.5,5.6,8.1,5.6,8.1,10,37.3
80,2026-08-02T15:24:56.000Z,Push Slice,Driver,Default,226.5,244.4,47.8,42.7,16.4,24.8,6.0,95.7,150.0,1.6,5.24 R,9.7,35.0,3406,1094 R,22.0,49.0,-3.9,5.3° open,0.4° out-to-in,5.7° open,,,-0.1,4.4,6.4,3.7,0.6,0,15.1
81,2026-08-02T15:24:56.000Z,Huge Hook,Driver,Default,262.4,298.5,75.0,60.4,-23.5,29.4,6.1,97.9,155.9,1.6,3.05 L,14.9,30.4,1868,10000 L,46.4,89.0,8.7,13.85° closed,0.23° out-to-in,13.62° closed,,,-0.4,4.9,5.2,8.8,0,0,18.9
82,2026-08-02T15:24:56.000Z,Huge Hook,Driver,Default,176.0,226.7,82.6,54.5,-32.6,12.5,3.6,94.0,149.2,1.6,3.32 L,11.3,20.4,1502,10000 L,44.3,100.0,6.5,13.82° closed,0.23° out-to-in,13.59° closed,,,-0.3,3.7,4.3,5.1,0,0,13.1
83,2026-08-02T15:24:56.000Z,Pull,Driver,Default,224.8,236.9,15.5,14.3,-5.9,34.2,6.8,96.8,149.6,1.5,1.37 L,10.6,42.6,4470,469 L,8.9,20.0,-4.8,1.87° closed,0.58° in-to-out,2.45° closed,,,0.7,7.1,8,4,6.5,3,28.6
84,2026-08-02T15:24:56.000Z,Huge Push,Driver,Default,226.1,236.1,48.7,46.2,14.8,39.3,7.1,97.2,149.4,1.5,8.66 R,13.1,45.6,4532,781 R,11.7,26.0,-3.0,8.36° open,2.65° in-to-out,5.71° open,,,-0.1,4.4,6.1,5.1,0,0,15.5
